-- phpMyAdmin SQL Dump
-- version 5.2.1
-- https://www.phpmyadmin.net/
--
-- Host: localhost:3306
-- Generation Time: Oct 09, 2024 at 04:34 AM
-- Server version: 8.3.0
-- PHP Version: 8.2.9

SET SQL_MODE = "NO_AUTO_VALUE_ON_ZERO";
START TRANSACTION;
SET time_zone = "+00:00";


/*!40101 SET @OLD_CHARACTER_SET_CLIENT=@@CHARACTER_SET_CLIENT */;
/*!40101 SET @OLD_CHARACTER_SET_RESULTS=@@CHARACTER_SET_RESULTS */;
/*!40101 SET @OLD_COLLATION_CONNECTION=@@COLLATION_CONNECTION */;
/*!40101 SET NAMES utf8mb4 */;

--
-- Database: `moi`
--

-- --------------------------------------------------------

--
-- Table structure for table `admins`
--

CREATE TABLE `admins` (
  `id` int NOT NULL,
  `username` varchar(50) COLLATE utf8mb4_general_ci NOT NULL,
  `password` varchar(255) COLLATE utf8mb4_general_ci NOT NULL,
  `created_at` timestamp NOT NULL DEFAULT CURRENT_TIMESTAMP
) ENGINE=MyISAM DEFAULT CHARSET=utf8mb4 COLLATE=utf8mb4_general_ci;

--
-- Dumping data for table `admins`
--

INSERT INTO `admins` (`id`, `username`, `password`, `created_at`) VALUES
(7, 'admin', '$2y$10$pcIotiKXWj3qSMXvwjyNqORBefh50pwIhc9Iy3s5YqQAjJ5R9eA/i', '2024-08-25 18:37:57');

-- --------------------------------------------------------

--
-- Table structure for table `company_details`
--

CREATE TABLE `company_details` (
  `id` int NOT NULL,
  `company_name` varchar(255) COLLATE utf8mb4_general_ci NOT NULL,
  `contact_number` varchar(255) COLLATE utf8mb4_general_ci NOT NULL,
  `created_at` timestamp NOT NULL DEFAULT CURRENT_TIMESTAMP
) ENGINE=MyISAM DEFAULT CHARSET=utf8mb4 COLLATE=utf8mb4_general_ci;

--
-- Dumping data for table `company_details`
--

INSERT INTO `company_details` (`id`, `company_name`, `contact_number`, `created_at`) VALUES
(1, 'ஒச்சாயி  மொய் டெக்', '6382916482,  9361578348', '2024-09-02 11:29:04');

-- --------------------------------------------------------

--
-- Table structure for table `festival`
--

CREATE TABLE `festival` (
  `id` int NOT NULL,
  `name` varchar(250) COLLATE utf8mb4_general_ci NOT NULL,
  `spouse_name` varchar(250) COLLATE utf8mb4_general_ci NOT NULL,
  `occupation` varchar(250) COLLATE utf8mb4_general_ci NOT NULL,
  `festival_name` varchar(250) COLLATE utf8mb4_general_ci NOT NULL,
  `date` date DEFAULT NULL,
  `place` varchar(250) COLLATE utf8mb4_general_ci NOT NULL,
  `status` int NOT NULL DEFAULT '0',
  `created_at` timestamp NOT NULL DEFAULT CURRENT_TIMESTAMP
) ENGINE=InnoDB DEFAULT CHARSET=utf8mb4 COLLATE=utf8mb4_general_ci;

--
-- Dumping data for table `festival`
--

INSERT INTO `festival` (`id`, `name`, `spouse_name`, `occupation`, `festival_name`, `date`, `place`, `status`, `created_at`) VALUES
(1, 'ST.ஆனந்தபாண்டி  ITI.,TVS', 'A.ஜெயராணி DOT.,DECG', 'TVS', 'இல்ல காதணி விழா ', '2024-09-15', 'பாக்கியலட்சுமி மஹால் செக்கானூரணி ', 1, '2024-09-14 19:10:46'),
(2, 'K.பாண்டி ', 'P.கருப்பாயி  அவர்களின் இல்ல ', 'விவசாயம் ', 'திருமண விழா [மணமகன் வீட்டார் ]', '2024-09-15', 'VKR மஹால் பாப்பாபட்டி ', 0, '2024-09-14 19:20:40'),
(3, 'Anand', 'mouni', 'it', 'mlkmslkmc', '2024-12-09', 'ckn', 0, '2024-09-15 05:22:55'),
(5, 'S.S.சம்பத்குமார் (எ) ரஞ்சித்குமார்Ex ARMY  ', 'பா.ஜா.க செல்லை ஒன்றிய மண்டல தலைவர்', 'Army', 'S.ராஜகனி M.com.,DCM.,JA ', '2024-09-16', 'இல்ல விழா MMK யோகாஸ்ரீ மஹால் தி.விலக்கு', 0, '2024-09-15 17:59:57');

-- --------------------------------------------------------

--
-- Table structure for table `mrg`
--

CREATE TABLE `mrg` (
  `id` int NOT NULL,
  `name` varchar(250) COLLATE utf8mb4_general_ci DEFAULT NULL,
  `profession1` varchar(250) COLLATE utf8mb4_general_ci DEFAULT NULL,
  `spouse_name` varchar(250) COLLATE utf8mb4_general_ci DEFAULT NULL,
  `contactNumber` varchar(250) COLLATE utf8mb4_general_ci NOT NULL,
  `relative_name` varchar(255) COLLATE utf8mb4_general_ci DEFAULT NULL,
  `place` varchar(250) COLLATE utf8mb4_general_ci DEFAULT NULL,
  `profession` varchar(250) COLLATE utf8mb4_general_ci DEFAULT NULL,
  `fivehundred` int DEFAULT NULL,
  `twohundred` int DEFAULT NULL,
  `hundred` int DEFAULT NULL,
  `fiftyrupees` int DEFAULT NULL,
  `twentyrupees` int DEFAULT NULL,
  `tenrupee` int DEFAULT NULL,
  `onerupee` int DEFAULT NULL,
  `amount` varchar(250) COLLATE utf8mb4_general_ci DEFAULT NULL,
  `user_id` int DEFAULT NULL,
  `festival_id` int DEFAULT NULL,
  `created_at` timestamp NOT NULL DEFAULT CURRENT_TIMESTAMP
) ENGINE=InnoDB DEFAULT CHARSET=utf8mb4 COLLATE=utf8mb4_general_ci;

--
-- Dumping data for table `mrg`
--

INSERT INTO `mrg` (`id`, `name`, `profession1`, `spouse_name`, `contactNumber`, `relative_name`, `place`, `profession`, `fivehundred`, `twohundred`, `hundred`, `fiftyrupees`, `twentyrupees`, `tenrupee`, `onerupee`, `amount`, `user_id`, `festival_id`, `created_at`) VALUES
(2, 'ஒச்சாயி ', '', '', '', 'உறவுமுறை', 'பெரியகுறவகுடி', 'MOI TECH', 0, 0, 0, 0, 0, 0, 1, '1', 16, 2, '2024-09-14 19:34:56'),
(4, 'D. மூர்த்தி ', '', 'பிரியா ', '', 'உறவுமுறை', 'பாப்பாபட்டி ', 'PR FINANCE', 4, 0, 0, 0, 0, 0, 0, '2000', 16, 2, '2024-09-15 03:46:58'),
(6, 'r அய்யப்பன் ', '', 'அமுதா ', '', 'உறவுமுறை', 'கொடிக்குளம் ', '', 1, 0, 0, 0, 0, 0, 0, '500', 16, 2, '2024-09-15 03:52:27'),
(7, 'ராஜா ', '', 'அஜிதா ', '', 'உறவுமுறை', 'வெள்ளக்காரபட்டி ', '', 2, 0, 0, 0, 0, 0, 0, '1000', 16, 2, '2024-09-15 03:53:30'),
(8, 'சசிகுமார் ', '', 'திவ்யா ', '', 'உறவுமுறை', 'பாப்பாபட்டி  ', '', 2, 0, 0, 0, 0, 0, 0, '1000', 16, 2, '2024-09-15 03:55:19'),
(9, ' cm.  பரமன் ', '', 'ரத்தினம் ', '', 'உறவுமுறை', 'பாப்பாபட்டி ', '', 1, 0, 1, 0, 0, 0, 0, '600', 16, 2, '2024-09-15 03:57:19'),
(10, 'PKC.ராஜமுருகன் மகன் ராஜபிரவீன் ', '', '', '', 'உறவுமுறை', 'பாப்பாபட்டி ', '', 2, 0, 0, 0, 0, 0, 0, '1000', 16, 2, '2024-09-15 03:58:42'),
(11, 'M. ராஜேஷ் ', '', 'திவ்யா ', '', 'உறவுமுறை', 'பாப்பாபட்டி ', '', 2, 0, 0, 0, 0, 0, 0, '1000', 16, 2, '2024-09-15 03:59:54'),
(12, 'K கண்ணன் ', '', 'வான்மதி ', '', 'உறவுமுறை', 'N. அய்யம்பட்டி ', '', 1, 0, 1, 0, 0, 0, 0, '600', 16, 2, '2024-09-15 04:01:56'),
(13, 'T. ரவி  ', 'டாஸ்மாக் ', 'சரண்யா  ', '9655672948', 'உறவுமுறை', 'அய்யனார்குளம் ', '', 3, 0, 0, 0, 0, 0, 0, '1500', 11, 1, '2024-09-15 04:15:50'),
(14, 'தவமணி  ', '', 'லிங்கக்கம்மா;', '', 'உறவுமுறை', 'அய்யனார்குளம்  ', '', 1, 0, 0, 0, 0, 0, 0, '500', 11, 1, '2024-09-15 04:16:34'),
(15, 'ஈஸ்வரன்  ', '', 'லதா  ', '', 'உறவுமுறை', 'அனுப்பபட்டி ', '', 1, 0, 0, 0, 0, 0, 0, '500', 11, 1, '2024-09-15 04:17:19'),
(16, 'மைக்கண்ணன் ', '', 'பஞ்சு ', '', 'உறவுமுறை', 'k . புதுமங்களம்  ', '', 1, 0, 1, 0, 0, 0, 0, '600', 11, 1, '2024-09-15 04:18:34'),
(17, 'o பாரதிதாசன் ', '', 'பிரியா ', '', 'உறவுமுறை', 'கல்லூத்து ', '', 1, 0, 1, 0, 0, 0, 0, '600', 11, 1, '2024-09-15 04:19:29'),
(18, 'm தனிக்கோடி  ', '', 'அனுஷியா ', '', 'உறவுமுறை', 'கொண்டம்பட்டி ', '', 2, 0, 0, 0, 0, 0, 0, '1000', 11, 1, '2024-09-15 04:20:24'),
(20, 'ராஜேஸ்வரன் ', 'hm  ', 'உமாதேவி ', '', 'உறவுமுறை', 'உசிலம்பட்டி ', '', 2, 0, 0, 0, 0, 0, 0, '1000', 11, 1, '2024-09-15 04:21:30'),
(21, 's . பாண்டி  ', 'pc ', 'சங்கீதா  ', '', 'உறவுமுறை', 'கட்டகருப்பன்பட்டி', '', 0, 0, 0, 0, 0, 0, 0, '0', 11, 1, '2024-09-15 04:23:29'),
(22, 'kp . முத்தையா ', '', 'வளர் செல்வி  ', '', 'உறவுமுறை', 'அய்யனார்குளம் ', '', 2, 0, 0, 0, 0, 0, 0, '1000', 11, 1, '2024-09-15 04:26:13'),
(23, 'kp  பாண்டி ', '', 'விஷலாட்சி ', '', 'உறவுமுறை', 'அய்யனார்குளம்  ', '', 2, 0, 0, 0, 0, 0, 0, '1000', 11, 1, '2024-09-15 04:26:56'),
(24, 'a  ஜெயம் ', 'நெலவியாபாரம் ', '', '', 'உறவுமுறை', 'சின்னக்குரவகுடி  ', '', 1, 0, 0, 0, 0, 0, 0, '500', 11, 1, '2024-09-15 04:27:51'),
(25, 'cp  சேகர்  ', 'customs', 'சுமதி ', '', 'உறவுமுறை', 'மதுரை மீனாட்சிபுரம் ', '', 3, 0, 0, 0, 0, 0, 0, '1500', 11, 1, '2024-09-15 04:29:06'),
(26, 'அர்ச்சுனன்  ', '', 'முத்துவீரம்மாள் ', '', 'உறவுமுறை', 'பேசசியம்மணக்கோவில்பட்டி ', '', 3, 0, 0, 0, 0, 0, 0, '1500', 11, 1, '2024-09-15 04:30:17'),
(27, 'p பால்பாண்டி  ', '', 'பவளக்கொடி ', '', 'உறவுமுறை', 'புதுமங்களம்  ', '', 8, 0, 10, 0, 0, 0, 0, '5000', 11, 1, '2024-09-15 04:31:22'),
(28, 'k  பாண்டி  ', 'cisf ', 'சுதா  ', '', 'உறவுமுறை', 'புதுமங்களம்  ', '', 10, 0, 0, 0, 0, 0, 0, '5000', 11, 1, '2024-09-15 04:32:16'),
(29, 't  முரசொழிமாறான் ', '', 'மீனா  ', '', 'உறவுமுறை', 'புதுமங்களம்  ', '', 2, 0, 0, 0, 0, 0, 0, '1000', 11, 1, '2024-09-15 04:33:17'),
(30, 'பொன்னூசசாமி ', '', '', '', 'உறவுமுறை', 'புதுமங்களம்  ', '', 1, 0, 0, 0, 0, 0, 0, '500', 11, 1, '2024-09-15 04:33:59'),
(31, 'சின்னமாயன்  ', '', 'பொன்  பாண்டியம்மாள் ', '', 'உறவுமுறை', 'பெரியாகுரவகுடி  ', '', 1, 0, 1, 0, 0, 0, 0, '600', 11, 1, '2024-09-15 04:35:49'),
(32, 'ஆனந்தகுமார் ', 'ios ', 'மௌனிக ', '', 'உறவுமுறை', 'வடுகபட்டி ', 'MOI TECH', 5, 0, 0, 0, 0, 0, 0, '2500', 17, 3, '2024-09-15 05:32:09'),
(33, 'ஆன', '', '', '', 'உறவுமுறை', 'வ', '', 0, 0, 0, 0, 0, 0, 0, '0', 17, 3, '2024-09-15 06:33:56'),
(34, 'ஆன', '', '', '', 'உறவுமுறை', 'வ', '', 0, 0, 0, 0, 0, 0, 0, '0', 17, 3, '2024-09-15 06:33:57'),
(35, 'சக்கரதேவர் ]]]]]]]]]]]]]]]]', '', ' ', '', 'உறவுமுறை', 'மதுரை\'\'', '', 0, 0, 0, 0, 0, 0, 0, '0', 19, 3, '2024-09-15 15:18:44'),
(36, 'ராஜேஸ்வரன் ', 'MOI TECH', 'உமாதேவி ', '9786306059', 'உறவுமுறை', 'சின்னக்குறவகுடி', '', 0, 77, 0, 0, 0, 0, 0, '15400', 19, 3, '2024-09-15 15:42:49'),
(37, 'R.பார்த்திபன் ', '', 'லாவண்யா ', '', 'உறவுமுறை', 'பாப்பபட்டி ', '', 6, 0, 0, 0, 0, 0, 0, '3000', 16, 2, '2024-09-15 17:11:28'),
(38, 'O.ரகு ', 'TNSTC', 'பாண்டீஸ்வரி ', '', 'உறவுமுறை', 'பாப்பாபட்டி ', '', 2, 0, 0, 0, 0, 0, 0, '1000', 16, 2, '2024-09-15 17:14:28'),
(39, 'LK. ரகுபதி ', '', 'அனுசியா ', '', 'உறவுமுறை', 'பாப்பாபட்டி ', '', 1, 0, 0, 0, 0, 0, 0, '500', 16, 2, '2024-09-15 17:15:18'),
(40, 'R. அன்புசெல்வம் சசீதா ', '', '', '', 'உறவுமுறை', 'பாப்பாபட்டி ', '', 1, 0, 0, 0, 0, 0, 0, '500', 16, 2, '2024-09-15 17:16:18'),
(41, 'ஒச்சாயி மொய் டெக் ', '', '', '', 'உறவுமுறை', 'பெரியகுறவகுடி', '', 0, 0, 0, 0, 0, 0, 1, '1', 11, 4, '2024-09-15 17:16:30'),
(42, 'M. மாயி கருத்தவனம் ', '', '', '', 'உறவுமுறை', 'பெரியகுறவகுடி', '', 2, 0, 0, 0, 0, 0, 1, '1001', 16, 2, '2024-09-15 17:17:56'),
(43, 'P. குபேந்திரன் தனம் ', '', '', '', 'உறவுமுறை', 'ஒய்யாண்டாபட்டி ', '', 6, 0, 0, 0, 0, 0, 0, '3000', 16, 2, '2024-09-15 17:21:04'),
(44, 'A. பாண்டி  பாண்டியம்மாள் ', '', '', '', 'உறவுமுறை', 'பாப்பாபட்டி ', '', 10, 0, 0, 0, 0, 0, 0, '5000', 16, 2, '2024-09-15 17:22:45'),
(45, 'P. ஜெகவீரபாண்டியன் ஷாலாட்சி', '', 'உடற்கல்வி ஆசிரியார் ', '', 'உறவுமுறை', 'கல்லூத்து  ', '', 20, 0, 0, 0, 0, 0, 0, '10000', 16, 2, '2024-09-15 17:24:50'),
(46, 'R. காசம்மாள்  மகன்  ராஜேஸ்  ', '', 'ஏர்டெல் ', '', 'உறவுமுறை', 'பாப்பாபட்டி ', '', 1, 0, 0, 0, 0, 0, 0, '500', 16, 2, '2024-09-15 17:26:14'),
(47, 'M. செந்தில்  கனகா  ', '', '', '', 'உறவுமுறை', 'வத்தலக்குண்டு ', '', 4, 0, 0, 0, 0, 0, 0, '2000', 16, 2, '2024-09-15 17:28:38'),
(48, 'தங்கராஜ் மகன் திவாகரன்  வினிதா ', '', '', '', 'உறவுமுறை', 'A. மாயபுரம் ', '', 0, 0, 0, 0, 0, 0, 0, '0', 16, 2, '2024-09-15 17:29:48'),
(49, 'செல்லன் மகன்  ஒச்சு சீத்தா  மகாலட்சுமி  ', '', '', '', 'உறவுமுறை', 'மேக்கிழார்பட்டி ', '', 0, 0, 0, 0, 0, 0, 0, '0', 16, 2, '2024-09-15 17:33:05'),
(50, 'N. சரத்குமார் அபிராமி ', '', 'ARMY', '', 'உறவுமுறை', 'பாப்பாப்பட்டி', '', 4, 0, 0, 0, 0, 0, 0, '2000', 16, 2, '2024-09-15 17:42:57'),
(51, 'P. இன்பம் புனிதபிரியா ', '', '', '', 'உறவுமுறை', 'பாப்பாபட்டி ', '', 1, 0, 0, 0, 0, 0, 0, '500', 16, 2, '2024-09-15 17:43:50'),
(52, 'P. சுரேஷ் நித்யா ', '', '', '', 'உறவுமுறை', 'பாப்பாபட்டி ', '', 2, 0, 0, 0, 0, 0, 0, '1000', 16, 2, '2024-09-15 17:44:51'),
(53, 'திலகராஜ் கோகிலா ', '', '', '', 'உறவுமுறை', 'பாப்பாபட்டி ', '', 2, 0, 0, 0, 0, 0, 0, '1000', 16, 2, '2024-09-15 17:46:08'),
(54, 'லால்தங்கப்பாண்டி  மகாலட்சுமி ', '', '', '', 'உறவுமுறை', 'ஒய்யண்டாபட்டி', '', 1, 0, 0, 0, 0, 0, 0, '500', 16, 2, '2024-09-15 17:47:02'),
(55, 'M . முருகன் சசிகலா ', '', 'EXARMY ', '', 'உறவுமுறை', 'பாப்பாபட்டி ', '.', 1, 0, 0, 0, 0, 0, 0, '500', 16, 2, '2024-09-15 17:48:24'),
(56, 'O. மகேந்திரன் ஆனந்தி ', '', 'தோசைகடை ', '', 'உறவுமுறை', 'பாப்பாபட்டி', '', 2, 0, 0, 0, 0, 0, 0, '1000', 16, 2, '2024-09-15 17:49:38'),
(57, 'S. போதராஜா மகேஸ்வரி ', '', '', '', 'உறவுமுறை', 'பாப்பாபட்டி ', '', 2, 0, 0, 0, 0, 0, 0, '1000', 16, 2, '2024-09-15 17:50:29'),
(58, 'M. பிச்சைமாயன் ', '', 'தாளாளர் கீரின்பார்க் பள்ளி ', '', 'உறவுமுறை', 'பாப்பாபட்டி', '', 2, 0, 0, 0, 0, 0, 0, '1000', 16, 2, '2024-09-15 17:52:36'),
(59, 'ஒச்சாயி மொய் டெக் ', '', '', '', 'உறவுமுறை', 'பெரியகுறவகுடி', '', 0, 0, 0, 0, 0, 0, 1, '1', 11, 5, '2024-09-15 18:04:48'),
(60, 'C.ராசு லைலா', '', '', '', 'உறவுமுறை', 'பாப்பாபட்டி', '', 1, 0, 1, 0, 0, 0, 0, '600', 7, 2, '2024-09-16 01:03:25'),
(61, 'T.உதயகுமார் ', '', '', '', 'உறவுமுறை', 'பாப்பாபட்டி', '', 2, 0, 0, 0, 0, 0, 0, '1000', 7, 2, '2024-09-16 01:04:44'),
(62, 'T.ராஜா பிரியங்கா', '', 'PC', '', 'உறவுமுறை', 'பாப்பாபட்டி', '', 2, 0, 0, 0, 0, 0, 0, '1000', 7, 2, '2024-09-16 01:05:57'),
(63, 'M.அன்பழகம் இதயவாணி', '', '', '', 'உறவுமுறை', 'ஆரப்பாளையம்', '', 2, 0, 0, 0, 0, 0, 0, '1000', 7, 2, '2024-09-16 01:06:50'),
(64, 'T.ரவி சரண்யா', '', 'டாஸ்மாக்', '', 'உறவுமுறை', 'அய்யனார்குளம் ', '', 10, 0, 0, 0, 0, 0, 0, '5000', 7, 2, '2024-09-16 01:08:01'),
(65, 'மகாதேவன் மீனா', '', '', '', 'உறவுமுறை', 'பாப்பாபட்டி', '', 1, 0, 0, 0, 0, 0, 0, '500', 7, 2, '2024-09-16 01:08:37'),
(66, 'PM. பல்ராஜ் மகன் அலெக்ஸ் ', '', '', '', 'உறவுமுறை', 'பாப்பாபட்டி', 'பால்பண்ணை தலைவர்', 2, 0, 0, 0, 0, 0, 0, '1000', 7, 2, '2024-09-16 01:09:50'),
(67, 'CR.ஜெயபாண்டி தேவி ', '', 'ஆவின்', '', 'உறவுமுறை', 'பாப்பாபட்டி', '', 1, 0, 0, 0, 0, 0, 0, '500', 7, 2, '2024-09-16 01:11:07'),
(68, 'ஜெயராஜ் ', '', 'கௌசல்யா ', '', 'உறவுமுறை', 'கொடிக்குளம் ', 'Driver ', 0, 0, 0, 0, 54, 0, 0, '1080', 19, 3, '2024-09-16 02:47:52'),
(69, 'ஜெயராஜ் ', '', 'கௌசல்யா ', '', 'உறவுமுறை', 'கொடிக்குளம் ', 'Driver ', 0, 0, 0, 0, 54, 0, 0, '1080', 19, 3, '2024-09-16 02:47:53'),
(71, 'T. வேல்முருகன் மகாலட்சுமி', '', '', '', 'உறவுமுறை', 'கிண்ணிமங்களம்', '', 2, 0, 1, 0, 0, 0, 0, '1100', 11, 5, '2024-09-16 03:45:08'),
(72, 's சுரேஷ் ', '', 'சத்யா ', '9751333061', 'உறவுமுறை', 'பெரியகுறவகுடி ', '', 2, 0, 0, 0, 0, 0, 0, '1000', 11, 5, '2024-09-16 03:46:08'),
(73, 'P.தங்கமாயன் மொக்கச்சி', '', '', '', 'உறவுமுறை', 'பெரியகுறவகுடி', '', 1, 0, 0, 0, 0, 0, 0, '500', 11, 5, '2024-09-16 03:46:09'),
(74, 'முத்துவீரன் ', '', '', '', 'உறவுமுறை', 'வடுகபட்டி', 'விறகு வியாபாரி', 1, 0, 0, 0, 0, 0, 0, '500', 11, 5, '2024-09-16 03:49:48'),
(75, 'கருப்பையா லிங்கம்மாள்', '', '', '', 'உறவுமுறை', 'வடுகபட்டி', '', 1, 0, 1, 0, 0, 0, 0, '600', 11, 5, '2024-09-16 03:50:25'),
(76, 'லால்தங்கப்பாண்டி மகாலட்சுமி', '', '', '', 'உறவுமுறை', 'ஒய்யண்டாபட்டி', '', 2, 0, 0, 0, 0, 0, 0, '1000', 11, 5, '2024-09-16 03:52:15'),
(77, 'P.பிரபாகரன்  சுகண்யா', '', '', '', 'உறவுமுறை', 'உசிலை நேதாஜிநகர்', 'ExArmy', 2, 0, 1, 0, 0, 0, 0, '1100', 11, 5, '2024-09-16 03:53:18'),
(78, 'Pk.பரமன் மகன் கிருஷ்ண மூர்த்தி ', '', 'சண்முகப்பிரியா', '', 'உறவுமுறை', 'பொட்டுலுப்பட்டி', 'ஆசிரியர்', 1, 0, 0, 0, 0, 0, 0, '500', 11, 5, '2024-09-16 03:56:36'),
(79, 'C.பால்பாண்டி சுமித்ரா ', '', '', '', 'உறவுமுறை', 'சின்னக்குறவகுடி', 'டிரைவர் ', 1, 0, 0, 0, 0, 0, 0, '500', 11, 5, '2024-09-16 03:57:20'),
(80, 'G.ஜெயக்குமார் ராஜேஸ்வரி', '', '', '', 'உறவுமுறை', 'வடுகபட்டி', 'PC', 3, 0, 0, 0, 0, 0, 0, '1500', 11, 5, '2024-09-16 03:57:55'),
(81, 'K.ரவி ', '', '', '', 'உறவுமுறை', 'சடச்சிபட்டி', 'நெல் வியாபாரி', 1, 0, 2, 0, 0, 0, 0, '700', 11, 5, '2024-09-16 03:58:31'),
(82, 'சின்னமாயன்', '', 'பொன்பாண்டியம்மாள்', '', 'உறவுமுறை', 'பெரியகுறவகுடி', '', 2, 0, 3, 0, 0, 0, 0, '1300', 11, 5, '2024-09-16 03:59:08'),
(83, 'S.மலையான்டி பவித்ரா', '', '', '', 'உறவுமுறை', 'சின்னக்குறவகுடி', 'கால்நடை துறை', 4, 0, 0, 0, 0, 0, 0, '2000', 11, 5, '2024-09-16 03:59:52'),
(84, 'கருப்பையா ஜெயந்தி மகன் கவியரசு', '', '', '', 'உறவுமுறை', 'பாப்பாபட்டி', '', 4, 0, 0, 0, 0, 0, 0, '2000', 11, 5, '2024-09-16 04:00:33'),
(85, 'T.ராஜபிரபு சிந்தாமணி ', '', '', '', 'உறவுமுறை', 'A.அய்யங்கோவில்பட்டி', 'இருப்பு செக்கானம்', 2, 0, 0, 0, 0, 0, 0, '1000', 11, 5, '2024-09-16 04:01:17'),
(86, 'M.வீரணன் பிரியா', '', '', '', 'உறவுமுறை', 'பெரியகுறவகுடி', '', 2, 0, 0, 0, 0, 0, 0, '1000', 11, 5, '2024-09-16 04:01:41'),
(87, 'A.சந்திரன் மகன் அக்கினீந்தரன் லிமினா', '', '', '', 'உறவுமுறை', 'வடுகபட்டி', '', 40, 0, 0, 0, 0, 0, 0, '20000', 11, 5, '2024-09-16 04:02:34'),
(88, 'S. தங்கம் புஷ்பம்', '', '', '', 'உறவுமுறை', 'பெரியகுறவகுடி', '', 5, 0, 0, 0, 0, 0, 0, '2500', 11, 5, '2024-09-16 04:03:03'),
(89, 'சேது ஜானகி', '', '', '', 'உறவுமுறை', 'பெரியகுறவகுடி', '', 2, 0, 2, 0, 0, 0, 0, '1200', 11, 5, '2024-09-16 04:03:36'),
(90, 'A.மணிகண்டன் சந்திரலேகா', '', '', '', 'உறவுமுறை', 'செல்லம்பட்டி இருப்பு திருநெல்வேலி', '', 30, 0, 0, 0, 0, 0, 0, '15000', 11, 5, '2024-09-16 04:04:52'),
(91, 'SV.பிராபாகரன் ', '', '', '', 'உறவுமுறை', 'வடுகபட்டி ', 'திமுக மாவட்ட பிரதிநிதி ', 9, 0, 0, 0, 0, 0, 0, '4500', 11, 5, '2024-09-16 04:06:24'),
(92, 'கொடித்தேவர் ', '', '', '', 'உறவுமுறை', 'அய்யனார்குளம் ', '', 1, 0, 0, 0, 0, 0, 0, '500', 11, 5, '2024-09-16 04:06:24'),
(93, 'O.செல்வராஜ் ரேவதி', '', '', '', 'உறவுமுறை', 'உசிலை டிக்காநகர்', 'ExArmy கிராம உதவியாளர்', 1, 0, 0, 0, 0, 0, 0, '500', 11, 5, '2024-09-16 04:07:22'),
(94, 'R பிரேம்குமார்', '', 'அர்ச்சனா ', '', 'உறவுமுறை', 'வடுகபட்டி ', 'RP travels', 4, 0, 0, 0, 0, 0, 0, '2000', 11, 5, '2024-09-16 04:07:41'),
(95, 'N. பாண்டுரெங்கன் பூங்கோதை', '', '', '', 'உறவுமுறை', 'பெரியகுறவகுடி', '', 2, 0, 0, 0, 0, 0, 0, '1000', 11, 5, '2024-09-16 04:08:06'),
(96, 'p.ஜீவா எ ராமமூர்த்தி', '', '', '', 'உறவுமுறை', 'பெரியகுறவகுடி', '', 1, 0, 0, 0, 0, 0, 0, '500', 11, 5, '2024-09-16 04:08:34'),
(97, 'A. முத்துகாமன் PC ', '', 'சுந்தரவள்ளி ', '', 'உறவுமுறை', 'வடுகபட்டி ', '', 4, 0, 0, 0, 0, 0, 0, '2000', 11, 5, '2024-09-16 04:08:41'),
(98, 'RN.விஜயபாண்டியன் சுகண்யா', '', '', '', 'உறவுமுறை', 'பெரியகுறவகுடி', 'ExArmy', 2, 0, 0, 0, 0, 0, 0, '1000', 11, 5, '2024-09-16 04:09:16'),
(99, 'K.  முனியாண்டி ', '', 'ஈஸ்வரி ', '', 'உறவுமுறை', 'ஒய்யண்டாபட்டி ', '', 3, 0, 0, 0, 0, 0, 0, '1500', 11, 5, '2024-09-16 04:09:30'),
(101, 'பாண்டி அழகாம்மாள்', '', '', '', 'உறவுமுறை', 'பெரியகுறவகுடி', '', 2, 0, 0, 0, 0, 0, 0, '1000', 11, 5, '2024-09-16 04:10:07'),
(102, 'K. சதீஷ் ', '', 'ஜெயாப்பிரதா ', '', 'உறவுமுறை', 'சேம்பர் ', '', 4, 0, 0, 0, 0, 0, 0, '2000', 11, 5, '2024-09-16 04:10:11'),
(103, 'R.தங்கப்பாண்டி பிரியா', '', '', '9943345136', 'உறவுமுறை', 'பொட்டுலுப்பட்டி', 'Housing loan', 2, 0, 0, 0, 0, 0, 0, '1000', 11, 5, '2024-09-16 04:11:09'),
(104, 'M.  தவக்குமார் ', 'Postal Assistant', 'ஷாமிலி ', '', 'உறவுமுறை', 'சின்னக்குறவகுடி ', '', 2, 0, 0, 0, 0, 0, 0, '1000', 11, 5, '2024-09-16 04:11:15'),
(105, ' M.ரகு பத்மாவதி ', '', '', '', 'உறவுமுறை', 'சொக்கத்தேவன்பட்டி', 'டிராக்டர்', 2, 0, 0, 0, 0, 0, 0, '1000', 11, 5, '2024-09-16 04:11:48'),
(106, 'AS.துரைச்சிங்கம் ', '', '', '', 'உறவுமுறை', 'விளாம்பட்டி செக்கானூரணி ', 'ஆசிரியர் ', 4, 0, 0, 0, 0, 0, 0, '2000', 11, 5, '2024-09-16 04:12:10'),
(107, 'O. மொக்கமாயன் தமிழ்இலக்கியா', '', '', '9345833578', 'உறவுமுறை', 'சடச்சிபட்டி', 'PC', 3, 0, 0, 0, 0, 0, 0, '1500', 11, 5, '2024-09-16 04:12:39'),
(108, 'வீரணன் ', '', 'பானுமதி ', '', 'உறவுமுறை', 'உசிலை சத்யாநகர் ', '', 2, 0, 0, 0, 0, 0, 0, '1000', 11, 5, '2024-09-16 04:12:59'),
(109, 'S.செல்வராஜன் மலர்விழி', '', '', '', 'உறவுமுறை', 'உசிலை பங்களாமேடு பாண்டிகோவில்', 'CRPF', 3, 0, 0, 0, 0, 0, 0, '1500', 11, 5, '2024-09-16 04:13:46'),
(110, 'MR.பழனி ', '', 'பஞ்சம்மாள் ', '', 'உறவுமுறை', 'ஒய்யண்டாபட்டி ', '', 1, 0, 0, 0, 0, 0, 0, '500', 11, 5, '2024-09-16 04:13:49'),
(111, 'M.செந்தில்குமார் கவிதா', '', '', '9790204091', 'உறவுமுறை', 'சடச்சிபட்டி', '', 10, 0, 0, 0, 0, 0, 0, '5000', 11, 5, '2024-09-16 04:14:20'),
(112, 'A.சேகர் வளர்மதி', '', '', '', 'உறவுமுறை', 'சடச்சிபட்டி', '', 1, 1, 0, 0, 0, 0, 0, '700', 11, 5, '2024-09-16 04:14:46'),
(113, 'AP.ருத்ரன் ', '', 'இலக்கியா[நர்ஸ்] ', '', 'உறவுமுறை', 'நாகமலைப்புதுக்கோட்டை ', '', 2, 0, 0, 0, 0, 0, 0, '1000', 11, 5, '2024-09-16 04:14:56'),
(114, 'M. பெரியசாமி சிந்து', '', '', '', 'உறவுமுறை', 'A.கன்னியம்பட்டி', '', 1, 0, 0, 0, 0, 0, 0, '500', 11, 5, '2024-09-16 04:15:20'),
(115, 'A.பாண்டி டிரைவர் ', '', '', '', 'உறவுமுறை', 'சொக்கதேவன்பட்டி ', '', 2, 0, 0, 0, 0, 0, 0, '1000', 11, 5, '2024-09-16 04:15:52'),
(116, 'M.மாரியப்பன் மகன் காசிமாயன்', '', '', '', 'உறவுமுறை', 'A.கன்னியம்பட்டி', '', 2, 0, 0, 0, 0, 0, 0, '1000', 11, 5, '2024-09-16 04:15:56'),
(117, 'M.ஜெயக்குமார் ', '', '', '', 'உறவுமுறை', 'பானாமூப்பன்பட்டி ', '', 20, 0, 0, 0, 0, 0, 0, '10000', 11, 5, '2024-09-16 04:16:47'),
(118, 'ஐயங்காளை லிங்கம்மாள் ', '', '', '', 'உறவுமுறை', 'கட்டத்தேவன்பட்டி', '', 2, 0, 0, 0, 0, 0, 0, '1000', 11, 5, '2024-09-16 04:16:49'),
(119, 'R.பெருமாள் நீலாவதி', '', '', '', 'உறவுமுறை', 'வாடிப்பட்டி', '', 1, 0, 0, 0, 0, 0, 0, '500', 11, 5, '2024-09-16 04:17:21'),
(120, 'M.தங்கமாயன் மலர்கொடி', '', '', '', 'உறவுமுறை', 'சின்னக்குறவகுடி', '', 2, 0, 0, 0, 0, 0, 0, '1000', 11, 5, '2024-09-16 04:17:51'),
(121, 'K.நாகராஜ் ', '', 'ராமுதாய் ', '', 'உறவுமுறை', 'K.நாட்டாபட்டி ', '', 2, 0, 0, 0, 0, 0, 0, '1000', 11, 5, '2024-09-16 04:17:57'),
(122, 'பன்னீர்ச்செல்வம்  அம்சம்மாள்', '', '', '', 'உறவுமுறை', 'அய்யனார்குளம் ', '', 4, 0, 0, 0, 0, 0, 0, '2000', 11, 5, '2024-09-16 04:18:23'),
(123, 'P.அக்கினி   ஈஸ்வரி ', '', '', '', 'உறவுமுறை', 'கும்பகோணம் ', 'பைனான்ஸ் ', 14, 0, 0, 0, 0, 0, 0, '7000', 11, 5, '2024-09-16 04:18:49'),
(124, 'M.ராஜாராம் அர்ச்சனா', '', '', '', 'உறவுமுறை', 'அம்பட்டையம்பட்டி', 'Army', 4, 0, 0, 0, 0, 0, 0, '2000', 11, 5, '2024-09-16 04:18:55'),
(125, 'சின்னன் மகள் பிருந்தா', '', '', '', 'உறவுமுறை', 'வடுகபட்டி', '', 10, 0, 0, 0, 0, 0, 0, '5000', 11, 5, '2024-09-16 04:19:20'),
(126, 'M.குருசாமி மகாலட்சுமி ', '', ' ', '', 'உறவுமுறை', 'வின்னகுடி ', '', 1, 0, 0, 2, 0, 0, 0, '600', 11, 5, '2024-09-16 04:19:35'),
(127, 'KS.பால்பாண்டி சரஸ்வதி ', '', '', '', 'உறவுமுறை', 'A.கன்னியம்பட்டி', 'ADMK', 2, 0, 0, 0, 0, 0, 0, '1000', 11, 5, '2024-09-16 04:19:53'),
(128, 'மூர்த்தி ', '', '', '', 'உறவுமுறை', 'சடச்சிபட்டி', '', 1, 0, 0, 0, 0, 0, 0, '500', 11, 5, '2024-09-16 04:20:24'),
(129, 'P.பாண்டி நீலாவதி ', '', '', '', 'உறவுமுறை', 'பொட்டுலுப்பட்டி ', '', 5, 0, 0, 0, 0, 0, 0, '2500', 11, 5, '2024-09-16 04:20:25'),
(130, 'A.குமார் ரம்யா ', '', 'ரம்யா ', '', 'உறவுமுறை', ' பாப்பாபட்டி ', '', 2, 0, 0, 0, 0, 0, 0, '1000', 11, 5, '2024-09-16 04:21:25'),
(131, 'P.தெய்வம் ரேவதி ', '', '', '9843908088', 'உறவுமுறை', 'A.இராமநாதபுரம்', 'கேபிள்டிவி', 4, 0, 0, 0, 0, 0, 0, '2000', 11, 5, '2024-09-16 04:22:18'),
(132, 'P.சுப்பிரமணியன் யோகரணி ', 'TNSTC நடத்துனர் ', 'யோகராணி ', '', 'உறவுமுறை', 'பெரியகுறவகுடி', '', 2, 0, 0, 0, 0, 0, 0, '1000', 11, 5, '2024-09-16 04:22:39'),
(133, 'S.தங்கப்பான்டி ஈஸ்வரி', '', '', '', 'உறவுமுறை', 'சின்னக்குறவகுடி', 'ஆசிரியர்', 20, 0, 0, 0, 0, 0, 0, '10000', 11, 5, '2024-09-16 04:22:55'),
(134, 'ராஜபாண்டி வசந்தி ', '', '', '', 'உறவுமுறை', 'A.கன்னியம்பட்டி ', '', 1, 0, 0, 0, 0, 0, 0, '500', 11, 5, '2024-09-16 04:23:26'),
(135, 'M.A.ஒச்சாத்தேவன் பாண்டீஸ்வரி', '', '', '', 'உறவுமுறை', 'சின்னக்குறவகுடி', 'ExArmy', 6, 0, 0, 0, 0, 0, 0, '3000', 11, 5, '2024-09-16 04:23:29'),
(136, 'K.ஜெயக்குமார் கற்பகம்', '', '', '', 'உறவுமுறை', 'பசுக்காரன்பட்டி', 'நீரோட்டம்', 2, 0, 0, 0, 0, 0, 0, '1000', 11, 5, '2024-09-16 04:24:13'),
(137, 'S.போதராஜா மகேஸ்வரி ', '', 'மகேஸ்வரி ', '', 'உறவுமுறை', 'பாப்பாபட்டி ', '', 4, 0, 0, 0, 0, 0, 0, '2000', 11, 5, '2024-09-16 04:24:15'),
(138, 'P.நம்நாடு இன்பவள்ளி', '', '', '', 'உறவுமுறை', 'சின்னக்குறவகுடி', '', 1, 0, 0, 0, 0, 0, 0, '500', 11, 5, '2024-09-16 04:24:51'),
(139, 'P.பூவராகவன் ', '', 'ஜெனிதா ', '', 'உறவுமுறை', 'V.கோவில்பட்டி ', '', 2, 0, 0, 0, 0, 0, 0, '1000', 11, 5, '2024-09-16 04:25:01'),
(140, 'வீ.யோசணை அமிர்தம்', '', '', '', 'உறவுமுறை', 'சடச்சிபட்டி', '', 1, 0, 0, 0, 0, 0, 0, '500', 11, 5, '2024-09-16 04:25:19'),
(141, 'P.அமைதிராஜா பாண்டீஸ்வரி', '', '', '', 'உறவுமுறை', 'சடச்சிபட்டி', '', 5, 0, 0, 0, 0, 0, 0, '2500', 11, 5, '2024-09-16 04:25:49'),
(142, 'C.சக்திமோகன் ', '', 'கவிதா ', '9952495318 ', 'உறவுமுறை', 'சின்னக்குறவகுடி ', '', 2, 0, 0, 0, 0, 0, 0, '1000', 11, 5, '2024-09-16 04:26:05'),
(143, 'M.மதியழகன் ஜெயகணிதா', '', '', '', 'உறவுமுறை', 'சொக்கத்தேவன்பட்டி', '', 2, 0, 1, 0, 0, 0, 0, '1100', 11, 5, '2024-09-16 04:26:18'),
(144, 'N.ஜெயப்பிரகாஷ் வசந்தகொடி ', '', '', '', 'உறவுமுறை', 'சடச்சிபட்டி', '', 4, 0, 0, 0, 0, 0, 0, '2000', 11, 5, '2024-09-16 04:26:47'),
(145, 'D.சமுத்திரபாண்டி ', '', 'மதியரசி ', '', 'உறவுமுறை', 'சின்னக்குறவகுடி ', 'உடற்கல்வி ஆசிரியர் ', 8, 0, 0, 0, 0, 0, 0, '4000', 11, 5, '2024-09-16 04:27:13'),
(146, 'S.ராஜாங்கம் நித்யா', '', '', '', 'உறவுமுறை', 'சடச்சிபட்டி', '', 4, 0, 0, 0, 0, 0, 0, '2000', 11, 5, '2024-09-16 04:27:14'),
(147, 'பெரியமாயன் மருமகன் மாயாண்டி ராஜ்ஜியக்கொடி ', '', ' ', '', 'உறவுமுறை', 'வில்லாணி ', '', 10, 0, 0, 0, 0, 0, 0, '5000', 11, 5, '2024-09-16 04:28:08'),
(148, 'க.சிங்கம் செல்வி ', '', '', '', 'உறவுமுறை', 'A.கன்னியம்பட்டி', 'சமையல் மாஸ்டர் ', 4, 0, 0, 0, 0, 0, 0, '2000', 11, 5, '2024-09-16 04:28:17'),
(149, 'P.சேகர் அமுதா ', '', 'அமுதா ', '', 'உறவுமுறை', 'வடுகபட்டி ', '', 2, 0, 0, 0, 0, 0, 0, '1000', 11, 5, '2024-09-16 04:28:52'),
(150, 'V.ஜெகவீரணன் வசுமதி ', '', '', '', 'உறவுமுறை', 'வாலாந்தூர்', '', 2, 0, 0, 0, 0, 0, 0, '1000', 11, 5, '2024-09-16 04:28:58'),
(151, 'பா.சிங்கம் தேடா ', '', '', '', 'உறவுமுறை', 'வடுகபட்டி ', '', 1, 0, 1, 0, 0, 0, 0, '600', 11, 5, '2024-09-16 04:29:33'),
(152, 'மொக்கமாயன் சரசு', '', '', '', 'உறவுமுறை', 'வடுகபட்டி', '', 1, 0, 0, 0, 0, 0, 0, '500', 11, 5, '2024-09-16 04:30:04'),
(153, 'P.கிருஷ்ணன் முத்துலட்சுமி', '', '', '', 'உறவுமுறை', 'பெரியகுறவகுடி', '', 3, 0, 0, 0, 0, 0, 0, '1500', 11, 5, '2024-09-16 04:30:35'),
(154, 'T.ரமேஷ்பாபு ', '', 'சாந்திராணி ', '', 'உறவுமுறை', 'மதுரை ', 'வயர் மேன் ', 20, 0, 0, 0, 0, 0, 0, '10000', 11, 5, '2024-09-16 04:30:40'),
(155, 'ராணி ராமமூர்த்தி ', '', '', '', 'உறவுமுறை', 'பெரியகுறவகுடி', '', 2, 0, 0, 0, 0, 0, 0, '1000', 11, 5, '2024-09-16 04:31:19'),
(156, 'R.பிரபு யசோதை', '', '', '', 'உறவுமுறை', 'சின்னக்குறவகுடி', '', 1, 0, 0, 0, 0, 0, 0, '500', 11, 5, '2024-09-16 04:31:44'),
(157, 'M.சசிக்குமார் சரண்யா ', 'TNSTC நடத்துனர் ', '', '', 'உறவுமுறை', 'எருமார்பட்டி ', '', 2, 0, 0, 0, 0, 0, 0, '1000', 11, 5, '2024-09-16 04:31:51'),
(158, 'இளங்குமரன் அழகேஸ்வரி ', '', '', '', 'உறவுமுறை', 'A.கன்னியம்பட்டி', 'TNSTC', 0, 3, 0, 0, 0, 0, 0, '600', 11, 5, '2024-09-16 04:32:27'),
(159, 'A.தனிக்கொடி மகன் பிரேம்குமார் ', '', '', '', 'உறவுமுறை', 'சின்னக்குறவகுடி ', '', 2, 0, 0, 0, 0, 0, 0, '1000', 11, 5, '2024-09-16 04:32:35'),
(160, 'காந்தி மகன் ரவி தனலட்சுமி ', '', '', '', 'உறவுமுறை', 'அய்யனார்குளம் ', 'உரக்கடை', 2, 0, 0, 0, 0, 0, 0, '1000', 11, 5, '2024-09-16 04:33:03'),
(161, 'MK.சிவனேசன் சசிக்கலா', '', '', '', 'உறவுமுறை', 'கல்கொண்டம்பட்டி', '', 4, 0, 0, 0, 0, 0, 0, '2000', 11, 5, '2024-09-16 04:33:29'),
(162, 'R.பவுன்ராஜ் ', '', '', '', 'உறவுமுறை', 'சமயநல்லூர் ', 'TNEB இருப்பு இராமநாதபுரம் ', 10, 0, 0, 0, 0, 0, 0, '5000', 11, 5, '2024-09-16 04:33:37'),
(163, 'R. சுரேஷ் கலைச்செல்வி', '', '', '', 'உறவுமுறை', 'A.அழகாபுரி', '', 3, 0, 0, 0, 0, 0, 0, '1500', 11, 5, '2024-09-16 04:34:02'),
(164, 'A.கவாஸ்கர் விவேகா', '', '', '', 'உறவுமுறை', 'அய்யனார்குளம் ', '', 4, 0, 0, 0, 0, 0, 0, '2000', 11, 5, '2024-09-16 04:34:25'),
(165, 'K.வேலுச்சாமி மகேஸ்வரி  ', '', 'மகேஸ்வரி ', '', 'உறவுமுறை', 'K.நாட்டாபட்டி ', '', 1, 0, 1, 0, 0, 0, 0, '600', 11, 5, '2024-09-16 04:34:41'),
(167, 'A.சுபாஸ்கர் சர்மிளா', '', '', '', 'உறவுமுறை', 'அய்யனார்குளம் ', '', 4, 0, 0, 0, 0, 0, 0, '2000', 11, 5, '2024-09-16 04:35:19'),
(168, 'ராஜேந்திரன் ', '', 'அழகம்மாள் ', '', 'உறவுமுறை', 'புத்தூர் ', '', 1, 0, 1, 0, 0, 0, 0, '600', 11, 5, '2024-09-16 04:35:23'),
(169, 'P.அய்யர் புஷ்பம்', '', '', '', 'உறவுமுறை', 'அய்யனார்குளம் ', '', 1, 0, 3, 0, 0, 0, 0, '800', 11, 5, '2024-09-16 04:35:45'),
(170, 'செல்வம் ', '', 'விஜயா ', '', 'உறவுமுறை', 'வடுகபட்டி ', '', 2, 0, 2, 0, 0, 0, 0, '1200', 11, 5, '2024-09-16 04:36:05'),
(171, ' O.தவமணி பிரேமா', '', '', '', 'உறவுமுறை', 'சின்னக்குறவகுடி', '', 1, 0, 0, 0, 0, 0, 0, '500', 11, 5, '2024-09-16 04:36:07'),
(172, 'S.இருளான்டி மகாலட்சுமி ', '', '', '', 'உறவுமுறை', 'வாலாந்தூர்', '', 2, 0, 0, 0, 0, 0, 0, '1000', 11, 5, '2024-09-16 04:36:38'),
(173, 'P.சிவராஜா உஷா', '', '', '', 'உறவுமுறை', 'சொக்கத்தேவன்பட்டி ', '', 12, 0, 0, 0, 0, 0, 0, '6000', 11, 5, '2024-09-16 04:36:51'),
(174, 'ராஜாங்கம் ', '', 'பத்மா ', '', 'உறவுமுறை', 'வடுகபட்டி ', '', 3, 0, 0, 0, 0, 0, 0, '1500', 11, 5, '2024-09-16 04:37:23'),
(175, 'SV.முருகானந்தம் ', '', '', '', 'உறவுமுறை', 'பாப்பாபட்டி', 'பாப்பாபட்டி ஊராட்சி மன்றதலைவர்', 2, 0, 0, 0, 0, 0, 0, '1000', 11, 5, '2024-09-16 04:37:26'),
(176, 'G.மயில்வாகணன்', '', '', '', 'உறவுமுறை', 'பெரியகுறவகுடி', 'பலசரக்கு கடை', 1, 0, 0, 0, 0, 0, 0, '500', 11, 5, '2024-09-16 04:37:54'),
(177, 'சந்திரசேகர் ', '', 'மாலதி ', '', 'உறவுமுறை', 'வடுகபட்டி ', '', 4, 0, 0, 0, 0, 0, 0, '2000', 11, 5, '2024-09-16 04:37:59'),
(178, 'K.பாண்டி அஞ்சலி ', '', '', '', 'உறவுமுறை', 'ஆரியபட்டி', 'பைனான்ஸ்', 1, 0, 0, 0, 0, 0, 0, '500', 11, 5, '2024-09-16 04:38:22'),
(179, 'செல்வராஜ் ', '', 'அகிலா ', '', 'உறவுமுறை', 'வடுகபட்டி ', '', 4, 0, 0, 0, 0, 0, 0, '2000', 11, 5, '2024-09-16 04:38:28'),
(180, 'C.முத்துப்பாண்டி ', '', '', '', 'உறவுமுறை', 'சொக்கத்தேவன்பட்டி', '.வைகை கோழிக்கடை', 4, 0, 0, 0, 0, 0, 0, '2000', 11, 5, '2024-09-16 04:38:53'),
(181, 'R.பிரதீப் ', 'RP லாரி ', 'நதியா ', '', 'உறவுமுறை', 'வடுகபட்டி ', '', 10, 0, 0, 0, 0, 0, 0, '5000', 11, 5, '2024-09-16 04:39:13'),
(182, 'கருப்பையா மகன் செல்லப்பான்டி ', '', '', '', 'உறவுமுறை', 'K.நாட்டாபட்டி', 'PC', 10, 0, 0, 0, 0, 0, 0, '5000', 11, 5, '2024-09-16 04:39:27'),
(183, 'M.ராஜாங்கம் ', '', 'லட்சகொடி ', '', 'உறவுமுறை', 'வடுகபட்டி ', '', 2, 0, 0, 0, 0, 0, 0, '1000', 11, 5, '2024-09-16 04:39:52'),
(184, 'M.தங்கமாயன் சுமதி', '', '', '', 'உறவுமுறை', 'பெரியகுறவகுடி', '', 2, 0, 0, 0, 0, 0, 0, '1000', 11, 5, '2024-09-16 04:40:00'),
(185, 'R.பழனி அங்கம்மாள்', '', '', '', 'உறவுமுறை', 'பெரியகுறவகுடி', '', 2, 0, 0, 0, 0, 0, 0, '1000', 11, 5, '2024-09-16 04:40:32'),
(186, 'பூமா KR. தர்மர் ', '', '', '', 'உறவுமுறை', 'உசிலம்பட்டி ', '', 3, 0, 0, 0, 0, 0, 0, '1500', 11, 5, '2024-09-16 04:40:34'),
(187, 'தங்கமாயன் ', '', 'விமலா ', '', 'உறவுமுறை', 'அய்யனார்குளம் ', '', 1, 0, 0, 0, 0, 0, 0, '500', 11, 5, '2024-09-16 04:41:07'),
(188, ' T.நாகராஜன்', '', '', '', 'உறவுமுறை', 'பெரியகுறவகுடி', 'டெய்லர் திமுக கிளை செயலார்', 10, 0, 0, 0, 0, 0, 0, '5000', 11, 5, '2024-09-16 04:41:13'),
(189, 'K.ஜெயக்கொடி சிவந்தம்மாள் ', '', '', '', 'உறவுமுறை', 'வடுகபட்டி', '', 4, 0, 0, 0, 0, 0, 0, '2000', 11, 5, '2024-09-16 04:41:45'),
(190, 'M.மணவாளன் மகன் சதீஸ்குமார் ஜெயலட்சுமி', '', '', '', 'உறவுமுறை', 'கீழக்குயில்குடி', '', 4, 0, 0, 0, 0, 0, 0, '2000', 11, 5, '2024-09-16 04:42:34'),
(191, 'S.பவுன்ராஜ் செல்வி ', '', '', '', 'உறவுமுறை', 'சின்னக்குறவகுடி ', 'TNSTC', 4, 0, 0, 0, 0, 0, 0, '2000', 11, 5, '2024-09-16 04:42:39'),
(192, 'C.தனபாண்டி ஜெயராணி ', '', '', '', 'உறவுமுறை', 'N.அய்யம்பட்டி', '', 1, 0, 1, 0, 0, 0, 0, '600', 11, 5, '2024-09-16 04:43:01'),
(193, 'V.நல்லமாயன் தவமணி ', '', 'தவமணி ', '', 'உறவுமுறை', 'சின்னக்குறவகுடி ', '', 1, 0, 3, 0, 0, 0, 0, '800', 11, 5, '2024-09-16 04:43:25'),
(194, 'M.மச்சக்காளை அல்லிகொடி', '', '', '', 'உறவுமுறை', 'N.அய்யம்பட்டி', '', 3, 0, 0, 0, 0, 0, 0, '1500', 11, 5, '2024-09-16 04:43:32'),
(195, 'S.வசந்தன் ', '', '', '', 'உறவுமுறை', 'பெரியகுறவகுடி', 'அம்மன் ரேடியோஸ்', 1, 0, 1, 0, 0, 0, 0, '600', 11, 5, '2024-09-16 04:44:01'),
(196, 'K.கதிர்காமன் ', '', '', '', 'உறவுமுறை', 'வாலாந்தூர் ', 'சைக்கிள் ஸ்டான்ட் ', 2, 0, 0, 0, 0, 0, 0, '1000', 11, 5, '2024-09-16 04:44:08'),
(197, 'SV.தங்கப்பான்டி மலர்கொடி', '', '', '', 'உறவுமுறை', 'பெரியகுறவகுடி', 'டிரைவர் ', 1, 1, 0, 0, 0, 0, 0, '700', 11, 5, '2024-09-16 04:44:31'),
(198, 'கணேசன் ', '', 'ஒச்சாயி எ பாண்டிசெல்வி ', '', 'உறவுமுறை', 'வாலாந்தூர் ', '', 4, 0, 0, 0, 0, 0, 0, '2000', 11, 5, '2024-09-16 04:44:57'),
(199, 'T.செல்லப்பான்டி செல்வி ', '', '', '', 'உறவுமுறை', 'பெரியகுறவகுடி', '', 2, 0, 0, 0, 0, 0, 0, '1000', 11, 5, '2024-09-16 04:45:01'),
(200, 'S.விஜயகுமார் விஜயா', '', '', '', 'உறவுமுறை', 'நல்லமாபட்டி', '', 2, 0, 0, 0, 0, 0, 0, '1000', 11, 5, '2024-09-16 04:45:36'),
(201, 'K.உக்கிரபாண்டி ', '', 'ராஜேஸ்வரி ', '', 'உறவுமுறை', 'வாலாந்தூர் ', '', 1, 0, 2, 0, 0, 0, 0, '700', 11, 5, '2024-09-16 04:45:40'),
(202, 'V.பாண்டி ஆனந்தி', '', '', '', 'உறவுமுறை', 'சின்னக்குறவகுடி', '', 4, 0, 0, 0, 0, 0, 0, '2000', 11, 5, '2024-09-16 04:46:09'),
(203, 'V.விஜயராமன் ', '', '', '', 'உறவுமுறை', 'வாலாந்தூர் ', 'சாலைப்பணியாளர் ', 10, 0, 0, 0, 0, 0, 0, '5000', 11, 5, '2024-09-16 04:46:24'),
(204, 'V.நல்லபெருமாள் அருணா ', '', '', '', 'உறவுமுறை', 'A.கன்னியம்பட்டி', '', 4, 0, 0, 0, 0, 0, 0, '2000', 11, 5, '2024-09-16 04:46:40'),
(205, 'K.முத்துபாண்டி ', '', 'திவ்யா ', '', 'உறவுமுறை', 'வாலாந்தூர் ', '', 4, 0, 0, 0, 0, 0, 0, '2000', 11, 5, '2024-09-16 04:47:03'),
(206, 'மணவாளக்கண்ணன்', '', '', '', 'உறவுமுறை', 'K.நாட்டாபட்டி', '', 1, 0, 0, 0, 0, 0, 0, '500', 11, 5, '2024-09-16 04:47:04'),
(207, 'வேனுகோபால்', '', '', '', 'உறவுமுறை', 'K.நாட்டாபட்டி', '', 1, 1, 0, 0, 0, 0, 0, '700', 11, 5, '2024-09-16 04:47:25'),
(208, 'PS.இளையராஜா ', '', 'பாண்டியம்மாள் ', '', 'உறவுமுறை', 'வாலாந்தூர் ', '', 2, 0, 0, 0, 0, 0, 0, '1000', 11, 5, '2024-09-16 04:47:48'),
(209, 'ஆசைதம்பி மகன் வினோத் நந்தினி ', '', '', '', 'உறவுமுறை', 'வடுகபட்டி', '', 1, 0, 1, 0, 0, 0, 0, '600', 11, 5, '2024-09-16 04:47:58'),
(210, 'M.ராஜ்ஜியம் அன்னலட்சுமி', '', '', '', 'உறவுமுறை', 'சின்னக்குறவகுடி', 'TNSTC', 4, 0, 0, 0, 0, 0, 0, '2000', 11, 5, '2024-09-16 04:48:34'),
(211, 'விஸ்வநாதன் ', 'கறிக்கடை ', 'பாண்டியம்மாள் ', '', 'உறவுமுறை', 'சொக்கத்தேவன்பட்டி இருப்பு வாலாந்தூர் ', '', 8, 0, 3, 0, 0, 0, 0, '4300', 11, 5, '2024-09-16 04:48:46'),
(212, 'பிரபு ஜெயஷீலா', '', '', '', 'உறவுமுறை', 'உசிலை பி.எம்.டி.  நகர்', '', 2, 0, 0, 0, 0, 0, 0, '1000', 11, 5, '2024-09-16 04:49:08'),
(213, 'P.சின்னகாமன் உஷா ', '', '', '', 'உறவுமுறை', 'A.கன்னியம்பட்டி', 'ஆட்டோ', 2, 0, 0, 0, 0, 0, 0, '1000', 11, 5, '2024-09-16 04:49:36'),
(214, 'ச. குமார்  ராதா ', 'பவுன்தாய் bakery ', '', '', 'உறவுமுறை', 'சடச்சிபட்டி', '', 15, 0, 0, 0, 0, 0, 0, '7500', 11, 5, '2024-09-16 04:49:40'),
(215, 'சீலைக்காரி பூசாரி மகன் ராஜேஸ் சுவாதி', '', '', '', 'உறவுமுறை', 'வடுகபட்டி', '', 2, 0, 0, 0, 0, 0, 0, '1000', 11, 5, '2024-09-16 04:50:13'),
(216, 'MR.மொக்கத்துரை ', '', 'சிலம்புச்செல்வி ', '', 'உறவுமுறை', 'முத்துப்பாண்டிபட்டி ', '', 4, 0, 0, 0, 0, 0, 0, '2000', 11, 5, '2024-09-16 04:50:28'),
(217, 'S.அருள் சோபியா ', '', '', '', 'உறவுமுறை', 'அயோத்திபட்டி', 'ஆனந்த் ரேடியோஸ்', 4, 0, 0, 0, 0, 0, 0, '2000', 11, 5, '2024-09-16 04:50:54'),
(218, 'PA.பாண்டியன் நாகராணி ', '', '', '', 'உறவுமுறை', 'பெரியகுறவகுடி', '', 2, 0, 0, 0, 0, 0, 0, '1000', 11, 5, '2024-09-16 04:51:02'),
(219, ' R.செல்வம் ஜோதி ', '', '', '', 'உறவுமுறை', 'மேலக்குயில்குடி', 'இருப்பு ஆரியபட்டி', 2, 0, 0, 0, 0, 0, 0, '1000', 11, 5, '2024-09-16 04:51:36'),
(220, 'PAP.இளஞ்செழியன் சுகண்யா ', '', '', '', 'உறவுமுறை', 'பெரியகுறவகுடி', '', 2, 0, 0, 0, 0, 0, 0, '1000', 11, 5, '2024-09-16 04:51:45'),
(221, 'குழந்தைராஜ் மகன் மணிகண்டன்', '', '', '', 'உறவுமுறை', 'வடுகபட்டி ', '', 10, 0, 0, 0, 0, 0, 0, '5000', 11, 5, '2024-09-16 04:52:12'),
(222, 'குழந்தைராஜ் மகள் அழகம்மாள்', '', '', '', 'உறவுமுறை', 'வடுகபட்டி', '', 2, 0, 0, 0, 0, 0, 0, '1000', 11, 5, '2024-09-16 04:52:43'),
(223, 'M.நவநீதக்கிருஷ்ணன் சிலம்புச்செல்வி ', '', '', '', 'உறவுமுறை', 'திம்மநத்தம்', '', 2, 0, 0, 0, 0, 0, 0, '1000', 11, 5, '2024-09-16 04:52:48'),
(224, 'V.பாலமுருகன் கனேஸ்வரி', '', '', '', 'உறவுமுறை', 'சொக்கத்தேவன்பட்டி', '', 10, 0, 0, 0, 0, 0, 0, '5000', 11, 5, '2024-09-16 04:53:17'),
(225, 'P.அருண்பாண்டி மனிஷா ', '', 'மனிஷா ', '', 'உறவுமுறை', 'சடச்சிபட்டி', '', 1, 0, 0, 0, 0, 0, 0, '500', 11, 5, '2024-09-16 04:53:24'),
(226, 'A.நாராயனன் பான்டியம்மாள்', '', '', '', 'உறவுமுறை', 'கல்கொண்டம்பட்டி', '', 2, 0, 1, 0, 0, 0, 0, '1100', 11, 5, '2024-09-16 04:53:49'),
(227, 'R.பால்பாண்டி பவித்ரா ', '', ' ', '', 'உறவுமுறை', 'சடச்சிபட்டி', '', 4, 0, 0, 0, 0, 0, 0, '2000', 11, 5, '2024-09-16 04:54:00'),
(228, 'A.அமுல்ராஜ் விஜயா', '', '', '', 'உறவுமுறை', 'பெரியகுறவகுடி', 'டாஸ்மாக்', 2, 0, 0, 0, 0, 0, 0, '1000', 11, 5, '2024-09-16 04:54:15'),
(229, 'C.சின்னசாமி  தேவி ', '', '', '', 'உறவுமுறை', 'சடச்சிபட்டி', '', 3, 0, 0, 0, 0, 0, 0, '1500', 11, 5, '2024-09-16 04:54:33'),
(230, 'V.கெளதம் எ சுபாஷ் ரஞ்சிதா', '', '', '', 'உறவுமுறை', 'வடுகபட்டி', 'அரசு ஒப்பந்தகாரர்', 1, 0, 0, 0, 0, 0, 0, '500', 11, 5, '2024-09-16 04:54:51'),
(231, 'VC.நாராயணசாமி ', '', '', '', 'உறவுமுறை', 'K.நாட்டாபட்டி ', '', 1, 0, 0, 0, 0, 0, 0, '500', 11, 5, '2024-09-16 04:55:15'),
(232, 'பா. ரமேஷ் அனுஷா ', '', '', '', 'உறவுமுறை', 'ஒய்யண்டாபட்டி', 'தீயனைப்புத்துறை', 2, 0, 0, 0, 0, 0, 0, '1000', 11, 5, '2024-09-16 04:55:45'),
(233, 'K.ராஜா தேனம்மாள்', '', 'தேனம்மாள் ', '', 'உறவுமுறை', 'வடுகபட்டி ', '', 1, 0, 0, 0, 0, 0, 0, '500', 11, 5, '2024-09-16 04:55:48'),
(234, 'M.செல்வராஜ் வசந்தி', '', '', '', 'உறவுமுறை', 'சக்கிலியங்குளம்', 'சொசைட்டி', 3, 0, 0, 0, 0, 0, 0, '1500', 11, 5, '2024-09-16 04:56:19'),
(235, 'M.ரமேஷ் செல்வி ', '', '', '', 'உறவுமுறை', 'வடுகபட்டி ', '', 2, 0, 0, 0, 0, 0, 0, '1000', 11, 5, '2024-09-16 04:56:19'),
(236, 'சரவணன் பிரேமா ', '', '', '', 'உறவுமுறை', 'வடுகபட்டி', '', 1, 1, 0, 0, 0, 0, 0, '700', 11, 5, '2024-09-16 04:56:47'),
(237, 'M.தவம் ', '', '', '', 'உறவுமுறை', 'வடுகபட்டி ', 'EX ஊராட்சி மன்ற தலைவர் ', 6, 0, 0, 0, 0, 0, 0, '3000', 11, 5, '2024-09-16 04:56:55'),
(238, 'விஜயராஜன் மோனிஷா', '', '', '', 'உறவுமுறை', 'சடச்சிபட்டி', '', 10, 0, 0, 0, 0, 0, 0, '5000', 11, 5, '2024-09-16 04:57:12'),
(239, 'சின்னன் ', '', 'இந்திரா ', '', 'உறவுமுறை', 'வடுகபட்டி ', '', 1, 0, 0, 0, 0, 0, 0, '500', 11, 5, '2024-09-16 04:57:27'),
(240, 'மாஸ்கோவன் பேபி ', '', '', '', 'உறவுமுறை', 'கீரிபட்டி', '', 2, 0, 0, 0, 0, 0, 0, '1000', 11, 5, '2024-09-16 04:57:45'),
(241, 'Y.தங்கம் ', '', 'ரேவதி ', '', 'உறவுமுறை', 'ஆரியபட்டி ', '', 1, 0, 0, 0, 0, 0, 0, '500', 11, 5, '2024-09-16 04:58:05'),
(242, ' R.பால்ராஜ்  மகன்  சதீஸ்குமார்', '', '', '', 'உறவுமுறை', 'பெரியகுறவகுடி', '', 8, 0, 0, 0, 0, 0, 0, '4000', 11, 5, '2024-09-16 04:58:13'),
(243, 'சின்னதம்பி மகன் சேதுபதி', '', '', '', 'உறவுமுறை', 'வடுகபட்டி', '', 3, 0, 0, 0, 0, 0, 0, '1500', 11, 5, '2024-09-16 04:58:39'),
(244, 'K.குமரேசன் ', '', 'கீர்த்தனா ', '', 'உறவுமுறை', 'ஆரியபட்டி ', '', 2, 0, 0, 0, 0, 0, 0, '1000', 11, 5, '2024-09-16 04:58:44'),
(245, 'S.மணிகண்டன் மகன் நிஷான்', '', '', '', 'உறவுமுறை', 'சின்னக்குறவகுடி', '', 2, 0, 0, 0, 0, 0, 0, '1000', 11, 5, '2024-09-16 04:59:19'),
(246, 'மதன் ', 'PMT COLLEGE', 'ரோஷினி ', '', 'உறவுமுறை', 'ஆரியபட்டி ', '', 2, 0, 0, 0, 0, 0, 0, '1000', 11, 5, '2024-09-16 04:59:29'),
(247, 'M.உதயகுமார் கனிமொழி ', '', '', '', 'உறவுமுறை', 'பெரியகுறவகுடி', 'ஆசிரியர்', 1, 1, 0, 0, 0, 0, 0, '700', 11, 5, '2024-09-16 04:59:51'),
(248, 'R.தங்கம் ', 'பைனான்ஸ் ', 'விஜயலட்சுமி ', '', 'உறவுமுறை', 'ஆரியபட்டி ', '', 2, 0, 0, 0, 0, 0, 0, '1000', 11, 5, '2024-09-16 05:00:10'),
(249, 'S.மனராஜா', '', '', '', 'உறவுமுறை', 'பெரியகுறவகுடி', '', 1, 0, 0, 0, 0, 0, 0, '500', 11, 5, '2024-09-16 05:00:14'),
(250, 'செல்வகுமார் ', ' ஆட்டோ உரிமை ', 'பிரியா ', '', 'உறவுமுறை', 'ஆரியபட்டி ', '', 1, 0, 0, 0, 0, 0, 0, '500', 11, 5, '2024-09-16 05:00:49'),
(251, 'கருப்பு கோவில் பூசாரி மகன் கருப்பையா பத்மா', '', '', '', 'உறவுமுறை', 'வடுகபட்டி', '', 4, 0, 0, 0, 0, 0, 0, '2000', 11, 5, '2024-09-16 05:00:52'),
(252, 'N.செந்தில்குமார் கலா', '', '', '', 'உறவுமுறை', 'கொங்கபட்டி', '', 4, 0, 0, 0, 0, 0, 0, '2000', 11, 5, '2024-09-16 05:01:21'),
(253, 'பார்த்தசாரதி ', '', 'வித்யா ', '', 'உறவுமுறை', 'கவனம்பட்டி ', '', 2, 0, 0, 0, 0, 0, 0, '1000', 11, 5, '2024-09-16 05:01:21'),
(254, 'S.செல்வகுமார் பவானி', '', '', '', 'உறவுமுறை', 'கொங்கபட்டி', '', 2, 0, 0, 0, 0, 0, 0, '1000', 11, 5, '2024-09-16 05:01:45'),
(255, 'வீரமணி ', '', 'சோபியா ', '', 'உறவுமுறை', 'மெய்யணம்பட்டி ', '', 1, 0, 0, 0, 0, 0, 0, '500', 11, 5, '2024-09-16 05:02:04'),
(256, 'P.சந்தனம் செண்டம்மாள்', '', '', '', 'உறவுமுறை', 'பெரியகுறவகுடி', 'இருப்பு செக்கானூரணி ', 2, 0, 0, 0, 0, 0, 0, '1000', 11, 5, '2024-09-16 05:02:15'),
(257, 'விஜகுமார் ', 'காய்கறி மார்க்கெட் ', 'கவிதா ', '', 'உறவுமுறை', 'மதுரை காளவாசல் ', '', 1, 0, 0, 0, 0, 0, 0, '500', 11, 5, '2024-09-16 05:02:45'),
(258, 'A.உக்கிரபாண்டியன் தனப்பிரியா', '', '', '', 'உறவுமுறை', 'வாலாந்தூர்', '', 3, 0, 0, 0, 0, 0, 0, '1500', 11, 5, '2024-09-16 05:02:54'),
(259, 'A. கொடிவீரணன் வெண்னிலா ', '', '', '', 'உறவுமுறை', 'வாலாந்தூர்', '', 3, 0, 0, 0, 0, 0, 0, '1500', 11, 5, '2024-09-16 05:03:22'),
(260, 'M.செல்வம் ', '', 'சுமதி ', '', 'உறவுமுறை', 'கருக்கட்டான்பட்டி JPR மஹால் தெரு ', 'ExArmy', 2, 0, 0, 0, 0, 0, 0, '1000', 11, 5, '2024-09-16 05:03:50'),
(261, 'J.ஜெகநாதன் விமலா', '', '', '', 'உறவுமுறை', 'வின்னகுடி', 'PC', 1, 0, 1, 0, 0, 0, 0, '600', 11, 5, '2024-09-16 05:03:59'),
(262, 'P.சிவபாண்டி ', '', '', '9789789474', 'உறவுமுறை', 'சின்னக்குறவகுடி', 'ஊராட்சி செயளர்', 4, 0, 0, 0, 0, 0, 0, '2000', 11, 5, '2024-09-16 05:04:50'),
(263, 'C.சரவணன் ', '', 'முத்து லட்சுமி ', '', 'உறவுமுறை', 'K.புளியங்குளம் ', 'இந்தியன் டூவீலர் மெக்கானிக் ', 2, 1, 0, 0, 0, 0, 0, '1200', 11, 5, '2024-09-16 05:05:09'),
(264, 'P.சுதாகர் சுவாதி ', '', '', '', 'உறவுமுறை', 'V.பசும்பொன்நகர்', 'PC', 4, 0, 0, 0, 0, 0, 0, '2000', 11, 5, '2024-09-16 05:05:36'),
(265, 'R.பின்னியப்பன் ', '', 'தமிழ் ', '', 'உறவுமுறை', 'வடுகபட்டி ', '', 2, 0, 0, 0, 0, 0, 0, '1000', 11, 5, '2024-09-16 05:05:42'),
(266, 'K.அர்ச்சுணன் சிவமாலா', '', '', '', 'உறவுமுறை', 'சொக்கத்தேவன்பட்டி', '', 4, 0, 0, 0, 0, 0, 0, '2000', 11, 5, '2024-09-16 05:06:10'),
(267, 'பொன்னுசாமி ', '', 'நாகஜோதி ', '', 'உறவுமுறை', 'சடச்சிபட்டி', 'PAINTER ', 4, 0, 0, 0, 0, 0, 0, '2000', 11, 5, '2024-09-16 05:06:23'),
(268, 'T ஜோசெப் ', '', 'ஆனந்த ப்ரியா ', '', 'உறவுமுறை', 'சடச்சிபட்டி', 'ex ராணுவம் ', 2, 0, 0, 0, 0, 0, 0, '1000', 11, 5, '2024-09-16 05:07:24'),
(269, 'p பாண்டி மீனா ', '', '', '', 'உறவுமுறை', 'K நாட்டாபட்டி ', 'லேத் வொர்க்ஸ் ', 2, 1, 0, 0, 0, 0, 0, '1200', 11, 5, '2024-09-16 05:08:20'),
(270, 'r அர்ச்சுனன் ', '', 'அக்கிநிதங்கம் ', '', 'உறவுமுறை', 'k நாட்டாபட்டி ', '', 2, 1, 0, 0, 0, 0, 0, '1200', 11, 5, '2024-09-16 05:09:04'),
(271, 'V.ஆசைராஜா', '', '', '', 'உறவுமுறை', 'ஈச்சம்பட்டி', 'டாஸ்மாக் சூப்பர்வைசர்', 40, 0, 0, 0, 0, 0, 0, '20000', 11, 5, '2024-09-16 05:09:44'),
(272, 'V.செந்தில்குமார் ', '', 'அனிதா ', '', 'உறவுமுறை', 'பாப்பாபட்டி ', 'ஆசிரியர் ', 2, 0, 0, 0, 0, 0, 0, '1000', 11, 5, '2024-09-16 05:09:44'),
(273, 'S.ஜெயராஜ் செல்வி', '', '', '', 'உறவுமுறை', 'சோழவந்தான்', '', 22, 0, 0, 0, 0, 0, 0, '11000', 11, 5, '2024-09-16 05:10:26'),
(274, 'p காசிராஜா ', '', 'வீரமணி ', '', 'உறவுமுறை', 'பொட்டுல்பட்டி ', '', 2, 0, 0, 0, 0, 0, 0, '1000', 11, 5, '2024-09-16 05:10:31'),
(275, 'சதீஸ் பிரியா', '', '', '', 'உறவுமுறை', 'சோழவந்தான்', '', 20, 0, 0, 0, 0, 0, 0, '10000', 11, 5, '2024-09-16 05:10:46'),
(276, 'a அக்கினி ', '', 'கவிதா ', '', 'உறவுமுறை', 'வடுகபட்டி ', '', 5, 0, 0, 0, 0, 0, 0, '2500', 11, 5, '2024-09-16 05:11:06'),
(277, ' நிவாஷ் அக்சயா', '', '', '', 'உறவுமுறை', 'சோழவந்தான்', '', 10, 0, 0, 0, 0, 0, 0, '5000', 11, 5, '2024-09-16 05:11:12'),
(278, 'செல்லபாண்டி ', '', 'ரேவதி ', '', 'உறவுமுறை', 'வடுகபட்டி ', '', 1, 0, 0, 0, 0, 0, 0, '500', 11, 5, '2024-09-16 05:11:39'),
(279, 'லோகேஸ் அனுச்ரி', '', '', '', 'உறவுமுறை', 'சோழவந்தான்', '', 2, 0, 0, 0, 0, 0, 0, '1000', 11, 5, '2024-09-16 05:11:55'),
(280, 'கருத்தம்மாள் பவுன்சாமி', '', '', '', 'உறவுமுறை', 'வடுகபட்டி', '', 1, 0, 0, 0, 0, 0, 0, '500', 11, 5, '2024-09-16 05:12:20'),
(281, 'ஜெயப்ரகாஷ் ', '', 'சுமதி ', '', 'உறவுமுறை', 'கள்ளப்பட்டி ', '', 1, 0, 3, 0, 0, 0, 0, '800', 11, 5, '2024-09-16 05:12:21'),
(282, 'தனசேகரன் ', '', 'ரம்யா ', '', 'உறவுமுறை', 'மாமரத்துபட்டி ', '', 2, 0, 0, 0, 0, 0, 0, '1000', 11, 5, '2024-09-16 05:12:57'),
(283, 'A.சஞ்சய்கானந்தி', '', '', '', 'உறவுமுறை', 'அய்யனார்குளம் ', 'ஊராட்சி செயளர்', 1, 0, 0, 0, 0, 0, 0, '500', 11, 5, '2024-09-16 05:13:04'),
(284, 'மச்சகாளை ', '', 'பிரதீபா ', '', 'உறவுமுறை', 'கரிமேடு ', '', 20, 0, 0, 0, 0, 0, 0, '10000', 11, 5, '2024-09-16 05:13:34'),
(285, 'K.ஐஸ்காளை', '', '', '', 'உறவுமுறை', 'அய்யனார்குளம் ', 'Ex ஊராட்சி மன்ற துணைதலைவர்', 1, 0, 0, 0, 0, 0, 0, '500', 11, 5, '2024-09-16 05:13:56'),
(286, 'a ஜெய பிரகாஷ் ', '', 'ஞான சகுந்தலா ', '', 'உறவுமுறை', 'k.நாட்டாபட்டி ', '', 3, 0, 0, 0, 0, 0, 0, '1500', 11, 5, '2024-09-16 05:14:21'),
(287, 'K.சின்னன் ', '', '', '', 'உறவுமுறை', 'உசிலம்பட்டி', 'பாரதி போர்வெஸ்', 1, 1, 0, 0, 0, 0, 0, '700', 11, 5, '2024-09-16 05:14:40'),
(288, 'செண்பகபாண்டி பாரதி', '', '', '', 'உறவுமுறை', 'சின்னக்குறவகுடி', '', 4, 0, 0, 0, 0, 0, 0, '2000', 11, 5, '2024-09-16 05:15:09'),
(289, 'a  பார்த்த சாரதி ', '', 'அனுசியா ', '', 'உறவுமுறை', 'வடுகபட்டி ', '', 4, 0, 0, 0, 0, 0, 0, '2000', 11, 5, '2024-09-16 05:15:16'),
(290, 'M.பாண்டி அமுதா', '', '', '', 'உறவுமுறை', 'சின்னக்குறவகுடி', 'ஆசிரியர்', 4, 0, 0, 0, 0, 0, 0, '2000', 11, 5, '2024-09-16 05:15:57'),
(291, 'அழகுமணி ', '', '', '', 'உறவுமுறை', 'ஒய்யண்டாபட்டி ', '', 100, 0, 0, 0, 0, 0, 0, '50000', 11, 5, '2024-09-16 05:16:05'),
(292, 'P.மனோகரன் ராஜி ', '', '', '', 'உறவுமுறை', 'சடச்சிபட்டி', 'ஆசிரியர்', 20, 0, 0, 0, 0, 0, 0, '10000', 11, 5, '2024-09-16 05:16:48'),
(293, 'm அழகர் ', '', '', '', 'உறவுமுறை', 'ஒய்யண்டபட்டி ', 'மில்க் மிஸ் ', 1, 1, 0, 0, 0, 0, 0, '700', 11, 5, '2024-09-16 05:17:02'),
(294, ' R.கோதண்டன் ராணி ', '', '', '', 'உறவுமுறை', 'வடுகபட்டி', 'ADMK', 4, 0, 0, 0, 0, 0, 0, '2000', 11, 5, '2024-09-16 05:17:20'),
(295, ' R.கருப்பையா கமலா', '', '', '', 'உறவுமுறை', 'மதுரை', '', 2, 0, 0, 0, 0, 0, 0, '1000', 11, 5, '2024-09-16 05:17:51'),
(296, 'k கணேசன் ', '', '', '', 'உறவுமுறை', 'மட்டபாறை ', '', 6, 0, 0, 0, 0, 0, 0, '3000', 11, 5, '2024-09-16 05:17:54'),
(297, 'சேர்மாலை ராணி', '', '', '', 'உறவுமுறை', 'உசிலம்பட்டி', '', 20, 0, 0, 0, 0, 0, 0, '10000', 11, 5, '2024-09-16 05:18:17'),
(298, 'மொக்கமாயன் ', '', '', '', 'உறவுமுறை', 'ஒய்யண்டாபட்டி ', '', 1, 1, 0, 0, 0, 0, 0, '700', 11, 5, '2024-09-16 05:18:23'),
(299, 'T.குணசேகரன் லட்சுமி', '', '', '', 'உறவுமுறை', 'வடுகபட்டி', '', 2, 0, 0, 0, 0, 0, 0, '1000', 11, 5, '2024-09-16 05:18:45'),
(300, 'அசோக் ', '', 'பார்கவி ', '', 'உறவுமுறை', 'உடையாமபட்டி ', '', 4, 0, 0, 0, 0, 0, 0, '2000', 11, 5, '2024-09-16 05:18:55'),
(301, 'R. செல்லபாண்டி மாலதி', '', '', '', 'உறவுமுறை', 'சொக்கத்தேவன்பட்டி', 'டாஸ்மாக்', 4, 0, 0, 0, 0, 0, 0, '2000', 11, 5, '2024-09-16 05:19:25'),
(302, 'c தெய்வம் ', '', 'லதா ', '', 'உறவுமுறை', 'பிச்சம்பட்டி ', '', 3, 0, 0, 0, 0, 0, 0, '1500', 11, 5, '2024-09-16 05:19:32'),
(303, 'G.ஆனந்தகுமார் ஜெயஹரிணி', '', '', '', 'உறவுமுறை', 'சொக்கத்தேவன்பட்டி', '', 1, 0, 0, 0, 0, 0, 0, '500', 11, 5, '2024-09-16 05:19:58'),
(304, 't பவுன்ராஜ் ', '', '', '', 'உறவுமுறை', 'ஒய்யண்டாபட்டி ', 'மானஜெர் சக்தி finance ', 11, 0, 0, 0, 0, 0, 0, '5500', 11, 5, '2024-09-16 05:20:20'),
(305, 'K.வெற்றிவேல் அனிதா', '', '', '', 'உறவுமுறை', 'சொக்கத்தேவன்பட்டி', '', 2, 0, 0, 0, 0, 0, 0, '1000', 11, 5, '2024-09-16 05:20:22'),
(306, 'S.செல்லபான்டி பிரவீனா', '', '', '', 'உறவுமுறை', 'வாலாந்தூர்', '', 2, 0, 0, 0, 0, 0, 0, '1000', 11, 5, '2024-09-16 05:20:53'),
(307, 'C.மணிகண்டன் ', 'கோழிக்கடை கொத்தனார் ', 'பாண்டியம்மாள் ', '', 'உறவுமுறை', 'K.நாட்டாபட்டி ', '', 3, 0, 0, 0, 0, 0, 0, '1500', 11, 5, '2024-09-16 05:21:12'),
(308, 'P.விஜயகுமார் சர்மிளா', '', '', '', 'உறவுமுறை', 'சொக்கத்தேவன்பட்டி', '', 4, 0, 0, 0, 0, 0, 0, '2000', 11, 5, '2024-09-16 05:21:24'),
(309, 'K.முத்துக்குமரன்  அப்சரா', '', '', '', 'உறவுமுறை', 'சடச்சிபட்டி', '', 4, 0, 0, 0, 0, 0, 0, '2000', 11, 5, '2024-09-16 05:21:49'),
(310, ' R.கொடிவீரன் பிரேமா ', '', '', '', 'உறவுமுறை', 'வடுகபட்டி', '', 20, 0, 0, 0, 0, 0, 0, '10000', 11, 5, '2024-09-16 05:22:14'),
(311, 'K.பழனி குமுதா', '', '', '', 'உறவுமுறை', 'முத்தையம்பட்டி', 'ஆட்டோ', 4, 0, 0, 0, 0, 0, 0, '2000', 11, 5, '2024-09-16 05:22:50'),
(312, 'c வேலு சாமி ', 'மீன் வியாபாரி ', 'முத்து பாண்டியம்மாள் ', '', 'உறவுமுறை', 'k.நாட்டாபட்டி ', '', 2, 0, 0, 0, 0, 0, 0, '1000', 11, 5, '2024-09-16 05:22:59'),
(313, 'MR.அன்புசெழியன் ', '', '', '', 'உறவுமுறை', 'அய்யனார்குளம் ', 'பால்பண்ணை', 2, 0, 0, 0, 0, 0, 0, '1000', 11, 5, '2024-09-16 05:23:20'),
(314, 't சீனிவாசன் ', 'மாவு வியாபாரம் ', 'சகுந்தலா ', '', 'உறவுமுறை', 'k.நாட்டாபட்டி ', '', 2, 0, 0, 0, 0, 0, 0, '1000', 11, 5, '2024-09-16 05:23:44'),
(315, 'Sp.அலெக்ஸ்பாண்டியன்', '', '', '', 'உறவுமுறை', 'குப்பனம்பட்டி', '', 4, 0, 0, 0, 0, 0, 0, '2000', 11, 5, '2024-09-16 05:23:56'),
(316, 'v கணேசன் ', 'மீன் வியாபாரி ', 'தனலட்சுமி ', '', 'உறவுமுறை', 'k.நாட்டாபட்டி ', '', 14, 0, 0, 0, 0, 0, 0, '7000', 11, 5, '2024-09-16 05:24:29'),
(317, 'M.கன்னன் வீரலட்சுமி', '', '', '', 'உறவுமுறை', 'A.இராமநாதபுரம் தெலுங்கானா', '', 4, 0, 0, 0, 0, 0, 0, '2000', 11, 5, '2024-09-16 05:24:32'),
(318, 'S.அங்குச்சாமி ராணி', '', '', '', 'உறவுமுறை', 'பெரியகுறவகுடி', '', 2, 0, 0, 0, 0, 0, 0, '1000', 11, 5, '2024-09-16 05:24:56'),
(319, 'TV பாண்டிய ராஜன் ', '', '', '', 'உறவுமுறை', 'k.நாட்டாபட்டி ', '', 1, 0, 0, 0, 0, 0, 0, '500', 11, 5, '2024-09-16 05:24:58'),
(320, 'N.கர்ணன் சகுந்தலா', '', '', '', 'உறவுமுறை', 'அய்யனார்குளம் ', '', 11, 0, 0, 0, 0, 0, 0, '5500', 11, 5, '2024-09-16 05:25:26'),
(321, 'காசிமாயன் ', '', '', '', 'உறவுமுறை', 'பொட்டுலுபட்டி ', '', 0, 1, 0, 0, 0, 0, 0, '200', 11, 5, '2024-09-16 05:25:56'),
(322, 'n மாயாண்டி ', '', 'எழில் அரசி ', '', 'உறவுமுறை', 'பொட்டுலுபட்டி ', '', 1, 0, 0, 0, 0, 0, 0, '500', 11, 5, '2024-09-16 05:26:37'),
(323, 'p வைரமணி ', '', '', '', 'உறவுமுறை', 'பொட்டுலுபட்டி ', '', 0, 1, 1, 0, 0, 0, 0, '300', 11, 5, '2024-09-16 05:27:14'),
(324, 'k மலைராஜ் ', '', 'சாவித்திரி ', '', 'உறவுமுறை', 'பொட்டுலுபட்டி ', '', 1, 0, 0, 0, 0, 0, 0, '500', 11, 5, '2024-09-16 05:27:59'),
(325, 'm பழனி ', '', 'பெருமாயி ', '', 'உறவுமுறை', 'வடகாட்டுபட்டி ', '', 1, 0, 0, 0, 0, 0, 0, '500', 11, 5, '2024-09-16 05:28:33'),
(326, 'சமுத்திரபாண்டி SIVAA', '', '', '', 'உறவுமுறை', 'வெள்ளமளைபட்டி ', '', 1, 0, 0, 0, 0, 0, 0, '500', 11, 5, '2024-09-16 05:29:35'),
(327, 'சசிகுமார் ', '', 'சிவரஞ்சனி ', '', 'உறவுமுறை', 'வடுகபட்டி ', '', 3, 0, 0, 0, 0, 0, 0, '1500', 11, 5, '2024-09-16 05:30:08'),
(328, 'ரகு ', '', 'பாண்டியம்மாள் ', '', 'உறவுமுறை', 'வடுகபட்டி ', '', 2, 0, 0, 0, 0, 0, 0, '1000', 11, 5, '2024-09-16 05:30:36'),
(329, 'KVK இளங்கோவன் ', '', 'சிவகாமி ', '', 'உறவுமுறை', 'வடுகபட்டி ', '', 1, 0, 0, 0, 0, 0, 0, '500', 11, 5, '2024-09-16 05:31:10'),
(330, 'a சின்னமாயன் ', '', 'செல்வி ', '', 'உறவுமுறை', 'உசிலம்பட்டி ', '', 2, 0, 0, 0, 0, 0, 0, '1000', 11, 5, '2024-09-16 05:31:48'),
(331, 'AVC அமிர்தராஜ் ', '', 'மாய ஜோதி ', '', 'உறவுமுறை', 'குப்பனம்பட்டி ', '', 1, 0, 0, 0, 0, 0, 0, '500', 11, 5, '2024-09-16 05:32:26'),
(332, 'பேட்டை ராஜ மகன் பூமிராஜா ', '', '', '', 'உறவுமுறை', 'பெரியகுரவகுடி ', '', 2, 1, 0, 0, 0, 0, 0, '1200', 11, 5, '2024-09-16 05:33:12'),
(333, 'm தெய்வம் ', '', 'ஒச்சாயி ', '', 'உறவுமுறை', 'பகாதேவன்பட்டி ', '', 2, 0, 0, 0, 0, 0, 0, '1000', 11, 5, '2024-09-16 05:33:47'),
(334, 'k பாண்டிய ராஜன் ', '', 'PARIMALAA', '', 'உறவுமுறை', 'மேல் நாட்சிகுலம் --', '', 4, 0, 0, 0, 0, 0, 0, '2000', 11, 5, '2024-09-16 05:34:39'),
(335, 'm தனபாலன் ', '', 'தேவி ப்ரியா ', '', 'உறவுமுறை', 'பெரியகுரவகுடி ', '', 2, 1, 0, 0, 0, 0, 0, '1200', 11, 5, '2024-09-16 05:35:27'),
(336, 'p பாண்டி ', '', 'லதா டிரைவர் ', '', 'உறவுமுறை', 'பெரியகுறவகுடி', '', 2, 0, 0, 0, 0, 0, 0, '1000', 11, 5, '2024-09-16 05:36:02'),
(337, 's தெய்வம் ', '', 'சசிகலா ', '', 'உறவுமுறை', 'உசிலம்பட்டி SOR நகர் ', 'ஆசிரியர் ', 14, 0, 0, 0, 0, 0, 0, '7000', 11, 5, '2024-09-16 05:36:50'),
(338, 'N  நல்லகுரும்பன் ', '', 'லட்சுமி ', '', 'உறவுமுறை', 'சொக்கதேவன்பட்டி ', '', 2, 0, 0, 0, 0, 0, 0, '1000', 11, 5, '2024-09-16 05:37:40'),
(339, 'm லட்சுமணன் ', '', 'சோனியா ', '', 'உறவுமுறை', 'பாப்பாபட்டி ', '', 3, 0, 0, 0, 0, 0, 0, '1500', 11, 5, '2024-09-16 05:38:19'),
(340, 'k அழகுராஜா ', '', 'நித்யா ', '', 'உறவுமுறை', 'சொக்கதேவன்பட்டி ', '', 2, 0, 0, 0, 0, 0, 0, '1000', 11, 5, '2024-09-16 05:38:57'),
(341, 'குண்டுமழை மகன் பால்பாண்டி ', '', '', '', 'உறவுமுறை', 'சடச்சிபட்டி', '', 3, 0, 0, 0, 0, 0, 0, '1500', 11, 5, '2024-09-16 05:39:25'),
(342, 'பாண்டி ', '', 'தங்க பாண்டியம்மாள் ', '', 'உறவுமுறை', 'சடச்சிபட்டி', '', 1, 0, 0, 0, 0, 0, 0, '500', 11, 5, '2024-09-16 05:40:01'),
(343, 'அய்யர் ', '', 'முத்து லட்சுமி ', '', 'உறவுமுறை', 'சடச்சிபட்டி', '', 2, 0, 0, 0, 0, 0, 0, '1000', 11, 5, '2024-09-16 05:40:33'),
(344, 'காசுபாண்டி ', '', 'திவ்யா ', '', 'உறவுமுறை', 'பொட்டுலுபட்டி ', 'கால்நடை மருத்துவர் ', 2, 0, 0, 0, 0, 0, 0, '1000', 11, 5, '2024-09-16 05:41:20'),
(345, 'n முத்து கழுவன் ', '', 'வனிதா ', '', 'உறவுமுறை', 'போட்டுலுபட்டி ', '', 1, 0, 0, 0, 0, 0, 0, '500', 11, 5, '2024-09-16 05:42:05'),
(346, 'ராஜேஷ் கன்னன் ', '', 'மஹா லட்சுமி ', '', 'உறவுமுறை', 'பொட்டுலுபட்டி ', '', 1, 0, 0, 0, 0, 0, 0, '500', 11, 5, '2024-09-16 05:42:57'),
(347, 'சுரேஷ் ', '', 'சாந்தி ', '', 'உறவுமுறை', 'பொட்டுலுபட்டி ', '', 1, 0, 0, 0, 0, 0, 0, '500', 11, 5, '2024-09-16 05:43:28'),
(348, 'அக்கினி எ விடாகண்டன் ', '', '', '', 'உறவுமுறை', 'வடுகபட்டி ', 'மாட்டுவியாபாரி ', 21, 0, 0, 0, 0, 0, 0, '10500', 11, 5, '2024-09-16 05:44:13'),
(349, 'தமிழரசன் ', 'சுகுணா manaager ', 'ஜென்சி ', '', 'உறவுமுறை', 'வடுகபட்டி ', '', 22, 0, 0, 0, 0, 0, 0, '11000', 11, 5, '2024-09-16 05:45:07'),
(350, 'செல்வாக்கியம் ', '', 'விஜயா ', '', 'உறவுமுறை', 'வடுகபட்டி ', '', 3, 0, 0, 0, 0, 0, 0, '1500', 11, 5, '2024-09-16 05:45:34'),
(351, 'சுரேஷ் ', '', 'விக்டோரியா ', '', 'உறவுமுறை', 'சொக்கதேவன்பட்டி ', '', 3, 0, 0, 0, 0, 0, 0, '1500', 11, 5, '2024-09-16 05:46:10'),
(352, 'm மகேந்திரன் ', '', 'வினோலியா ', '', 'உறவுமுறை', 'சொக்கதேவன்பட்டி ', '', 14, 0, 0, 0, 0, 0, 0, '7000', 11, 5, '2024-09-16 05:46:48'),
(353, 'j முத்துபாண்டி ', '', 'முத்து லட்சுமி ', '', 'உறவுமுறை', 'சொக்கதேவன்பட்டி ', '', 2, 0, 0, 0, 0, 0, 0, '1000', 11, 5, '2024-09-16 05:48:05'),
(354, 'a பாண்டியராஜன் ', '', 'அழகு ராணி ', '', 'உறவுமுறை', 'சொக்கதேவன்பட்டி ', '', 2, 0, 0, 0, 0, 0, 0, '1000', 11, 5, '2024-09-16 05:48:47'),
(355, 'k கணேசன் ', '', 'வினோதினி ', '', 'உறவுமுறை', 'சொக்கதேவன்பட்டி ', '', 2, 0, 0, 0, 0, 0, 0, '1000', 11, 5, '2024-09-16 05:49:19'),
(356, 'a ஜெயக்கொடி ', '', 'ஜெயா ராணி ', '', 'உறவுமுறை', 'வடுகபட்டி ', '', 2, 0, 0, 0, 0, 0, 0, '1000', 11, 5, '2024-09-16 05:49:47'),
(357, 'k அக்கினி ', '', 'அங்கம்மாள் ', '', 'உறவுமுறை', 'வடுகபட்டி ', '', 1, 0, 1, 0, 0, 0, 0, '600', 11, 5, '2024-09-16 05:50:18'),
(358, 'பரமன் மகன் தியாகராஜன் ', '', 'பிரியா தர்ஷினி ', '', 'உறவுமுறை', 'a ராமநாதபுரம் ', '', 4, 0, 3, 0, 0, 0, 0, '2300', 11, 5, '2024-09-16 05:51:08'),
(359, 'பரமன் மகன் இனியவன் ', '', '', '', 'உறவுமுறை', 'a ராமநாதபுரம் ', '', 2, 0, 0, 0, 0, 0, 0, '1000', 11, 5, '2024-09-16 05:51:44'),
(360, 'e முருகலிங்கம் ', '', 'விஜி pc ', '', 'உறவுமுறை', 'சொக்கதேவன்பட்டி இருப்பு மதுரை reserve line ', '', 200, 0, 0, 0, 0, 0, 0, '100000', 11, 5, '2024-09-16 05:53:12'),
(361, 'ராஜாங்கம் ', '', 'பேச்சியம்மாள் ', '', 'உறவுமுறை', 'பொட்டுலுபட்டி ', '', 1, 0, 0, 0, 0, 0, 0, '500', 11, 5, '2024-09-16 05:58:09'),
(362, 'n ஜெயபாண்டி ', '', 'சிவா ப்ரியா ', '', 'உறவுமுறை', 'கன்னியம்பட்டி ', '', 2, 0, 0, 0, 0, 0, 0, '1000', 11, 5, '2024-09-16 05:58:51'),
(363, 'முகராசி ', '', 'தன லட்சுமி ', '', 'உறவுமுறை', 'வடுகபட்டி ', '', 2, 0, 2, 0, 0, 0, 0, '1200', 11, 5, '2024-09-16 05:59:38'),
(364, 'k நாகராஜ் ', '', 'அருணா msw ', '', 'உறவுமுறை', 'a புதுபட்டி ', '', 2, 0, 0, 0, 0, 0, 0, '1000', 11, 5, '2024-09-16 06:00:20'),
(365, 'p மூக்கையா ', '', 'சரிதா ', '', 'உறவுமுறை', 'பொட்டுலுபட்டி ', '', 4, 0, 0, 0, 0, 0, 0, '2000', 11, 5, '2024-09-16 06:00:55'),
(366, 'p ரவிசந்திரன் ', '', 'செல்வி ', '', 'உறவுமுறை', 'பொட்டுலுபட்டி ', '', 2, 0, 0, 0, 0, 0, 0, '1000', 11, 5, '2024-09-16 06:01:28'),
(367, 'm ஜெயபாண்டி ', '', 'சுமித்ரா ', '', 'உறவுமுறை', 'மதுரை சூரியா நகர் ', '', 2, 0, 0, 0, 0, 0, 0, '1000', 11, 5, '2024-09-16 06:02:08'),
(368, 'சூரியா பிரகாஷ் ', '', '', '', 'உறவுமுறை', 'வடுகபட்டி ', 'டிரைவர் ', 2, 0, 0, 0, 0, 0, 0, '1000', 11, 5, '2024-09-16 06:02:45'),
(369, 'k ராஜேந்திரன் ', 'இருப்பு உசிலை சத்யா நகர் ', 'சசிகலா ', '', 'உறவுமுறை', 'ஆரியபட்டி ', '', 2, 0, 0, 0, 0, 0, 0, '1000', 11, 5, '2024-09-16 06:03:37'),
(370, 'ஜெயதவம் ', '', 'ஜெயபாரதி ', '', 'உறவுமுறை', 'சின்னக்குறவகுடி ', 'ஆசிரியர் ', 1, 0, 0, 0, 0, 0, 0, '500', 11, 5, '2024-09-16 06:04:22'),
(371, 'செல்லமணி ', '', 'ரேவதி ', '', 'உறவுமுறை', 'A. அய்யங்க்கொவில்பட்டி', '', 2, 0, 0, 0, 0, 0, 0, '1000', 11, 5, '2024-09-16 06:04:56');
INSERT INTO `mrg` (`id`, `name`, `profession1`, `spouse_name`, `contactNumber`, `relative_name`, `place`, `profession`, `fivehundred`, `twohundred`, `hundred`, `fiftyrupees`, `twentyrupees`, `tenrupee`, `onerupee`, `amount`, `user_id`, `festival_id`, `created_at`) VALUES
(372, 'a ராஜேந்திரன் ', 'காளவாசல் ', 'லிங்கம்மாள் ', '', 'உறவுமுறை', 'பொட்டுலுபட்டி ', '', 2, 0, 0, 0, 0, 0, 0, '1000', 11, 5, '2024-09-16 06:05:35'),
(373, 'a பரமன் ', '', '', '', 'உறவுமுறை', 'பொட்டுலுபட்டி ', 'லாரி உரிமை ', 2, 0, 0, 0, 0, 0, 0, '1000', 11, 5, '2024-09-16 06:06:08'),
(374, 'a பால்பாண்டி ', '', 'அமராவதி ', '', 'உறவுமுறை', 'அய்யனார்குளம் ', 'லாரி உரிமை ', 1, 0, 0, 0, 0, 0, 0, '500', 11, 5, '2024-09-16 06:06:48'),
(375, 'முத்துபாண்டி ', '', 'ஜெயப்ரியா ', '', 'உறவுமுறை', 'சிந்துபட்டி ', '', 2, 0, 0, 0, 0, 0, 0, '1000', 11, 5, '2024-09-16 06:07:22'),
(376, 'P.விஜயக்குமார் ', '', 'நல்லமாள் ', '', 'உறவுமுறை', 'சடச்சிபட்டி', ' BJP மாவட்ட செயலாளர்  ', 6, 0, 0, 0, 0, 0, 0, '3000', 11, 5, '2024-09-16 06:08:21'),
(377, 'அழகர்சாமி பூசாரி ', '', 'மகாலட்சுமி ', '', 'உறவுமுறை', 'பொட்டுலுபட்டி ', '', 2, 0, 0, 0, 0, 0, 0, '1000', 11, 5, '2024-09-16 06:09:00'),
(378, 'a செல்வராஜ் ', '', 'பாண்டிசெல்வி ', '', 'உறவுமுறை', 'பொட்டுலுபட்டி ', 'அய்யனார் லாரி ', 2, 0, 0, 0, 0, 0, 0, '1000', 11, 5, '2024-09-16 06:09:36'),
(379, 'A.மணிகண்டன் ', '', 'மகேஸ்வரி ', '', 'உறவுமுறை', 'அய்யனார்குளம் ', 'பிரதிக்க்ஷா லாரி உரிமை ', 2, 0, 0, 0, 0, 0, 0, '1000', 11, 5, '2024-09-16 06:10:20'),
(380, 'G விஜி ', '', 'சிவா ரஞ்சனி ', '', 'உறவுமுறை', 'பெரியகுறவகுடி', '', 2, 0, 0, 0, 0, 0, 0, '1000', 11, 5, '2024-09-16 06:10:55'),
(381, 'G மணிவண்ணன் ', 'குடிநீர் ', 'மாய தேவி ', '', 'உறவுமுறை', 'பெரியகுறவகுடி', '', 1, 0, 0, 0, 0, 0, 0, '500', 11, 5, '2024-09-16 06:11:37'),
(382, 'k ஜெயமணி ', '', 'வண்ணக்கிளி ', '', 'உறவுமுறை', 'பெரியகுறவகுடி', '', 2, 0, 0, 0, 0, 0, 0, '1000', 11, 5, '2024-09-16 06:12:04'),
(383, 'c முத்து ராமலிங்கம் ', '', 'ரதகிளி ', '', 'உறவுமுறை', 'சின்னகுறவகுடி ', '', 2, 0, 0, 0, 0, 0, 1, '1001', 11, 5, '2024-09-16 06:12:52'),
(384, 'm பால்பாண்டி ', '', 'சுகன்யா ', '', 'உறவுமுறை', 'சின்னகுறவகுடி ', 'இருப்பு கடை ', 2, 0, 0, 0, 0, 0, 0, '1000', 11, 5, '2024-09-16 06:13:39'),
(385, 'p பாண்டி ', 'பெரிய வீட்டுகாரர் ', 'பஞ்சு ', '', 'உறவுமுறை', 'சடச்சிபட்டி', '', 4, 0, 0, 0, 0, 0, 0, '2000', 11, 5, '2024-09-16 06:14:28'),
(386, 'p நாகாபாண்டி ', 'டிரைவர் ', 'நவநிதா ', '', 'உறவுமுறை', 'சடச்சிபட்டி', '', 1, 0, 0, 0, 0, 0, 0, '500', 11, 5, '2024-09-16 06:15:12'),
(387, 'N மூக்கன்', '', 'ராதா ', '', 'உறவுமுறை', 'பொட்டுலுபட்டி ', '', 3, 0, 0, 0, 0, 0, 0, '1500', 11, 5, '2024-09-16 06:15:47'),
(389, 'மொக்கராஜ் மகன் ஜெயப்ரகாஷ் ', '', '', '', 'உறவுமுறை', 'பொட்டுலுபட்டி ', '', 1, 0, 0, 0, 0, 0, 0, '500', 11, 5, '2024-09-16 06:16:19'),
(390, 't கார்த்திக் ', '', 'சுவாலா ', '', 'உறவுமுறை', 'பாப்பாபட்டி ', '', 2, 0, 0, 0, 0, 0, 0, '1000', 11, 5, '2024-09-16 06:16:56'),
(391, 'm ஜெயம் ', '', 'நித்யா ', '', 'உறவுமுறை', 'சின்னகுறவகுடி ', '', 3, 0, 0, 0, 0, 0, 0, '1500', 11, 5, '2024-09-16 06:17:31'),
(392, 's ஜெயப்ரகாஷ் ', '', 'அனிதா ', '', 'உறவுமுறை', 'சின்னகுறவகுடி ', '', 2, 0, 0, 0, 0, 0, 0, '1000', 11, 5, '2024-09-16 06:18:07'),
(393, 'a ஜெயக்கொடி ', '', 'பாண்டியம்மாள் ', '', 'உறவுமுறை', 'அய்யனார்குளம் ', '', 1, 0, 1, 0, 0, 0, 0, '600', 11, 5, '2024-09-16 06:18:43'),
(394, 't ஜெயப்ரசாத் ', '', 'பிரசன்னா ', '', 'உறவுமுறை', 'அய்யனார்குளம் ', '', 1, 0, 0, 0, 0, 0, 0, '500', 11, 5, '2024-09-16 06:19:17'),
(395, 'p சாலமன்ராஜா ', '', 'வித்யா ', '', 'உறவுமுறை', 'ஒய்யண்டாபட்டி ', '', 2, 0, 0, 0, 0, 0, 0, '1000', 11, 5, '2024-09-16 06:20:20'),
(396, 'j குபேந்திரன் மகன் தமிழ்மாறன் ', '', 'வினிதா ', '', 'உறவுமுறை', 'அய்யனார்குளம் ', '', 20, 0, 0, 0, 0, 0, 0, '10000', 11, 5, '2024-09-16 06:21:06'),
(397, 'c காசிமாயன் மகன் பிரசாந்த் ', '', 'மாலதி ', '', 'உறவுமுறை', 'வடுகபட்டி ', '', 2, 0, 0, 0, 0, 0, 0, '1000', 11, 5, '2024-09-16 06:21:55'),
(398, 'கண்ணபிரான் tnstc ', '', 'காமாட்சி தேவி ', '', 'உறவுமுறை', 'வடுகபட்டி ', '', 1, 0, 0, 0, 0, 0, 0, '500', 11, 5, '2024-09-16 06:22:39'),
(399, 'v மகேந்திரன் ஸ்ரீ அம்மன் ரேடியோ ', '', 'காஞ்சனா ', '', 'உறவுமுறை', 'சடச்சிபட்டி', '', 3, 0, 0, 0, 0, 0, 0, '1500', 11, 5, '2024-09-16 06:23:21'),
(400, 'm முருகன் ', '', 'பாண்டியம்மாள் ', '', 'உறவுமுறை', 'கல்யாணிபட்டி ', '', 2, 0, 0, 0, 0, 0, 0, '1000', 11, 5, '2024-09-16 06:23:56'),
(401, 'பூசை மணி மகன் ', '', '', '', 'உறவுமுறை', 'பெரியகுறவகுடி', 'ஜெகதீசன் ராணுவம் ', 2, 0, 0, 0, 0, 0, 0, '1000', 11, 5, '2024-09-16 06:24:36'),
(402, 'கருப்பையா ', '', 'முனியம்மாள் ', '', 'உறவுமுறை', 'a கன்னியம்பட்டி ', '', 2, 0, 0, 0, 0, 0, 0, '1000', 11, 5, '2024-09-16 06:25:14'),
(403, 'பிச்சை பாண்டி ', '', 'ஆனந்தி ', '', 'உறவுமுறை', 'a.கன்னியம்பட்டி ', '', 1, 0, 0, 0, 0, 0, 0, '500', 11, 5, '2024-09-16 06:26:22'),
(404, 'முத்துபாண்டி ', '', 'ஜீவா ', '', 'உறவுமுறை', 'a. கன்னியம்பட்டி ', '', 2, 0, 0, 0, 0, 0, 0, '1000', 11, 5, '2024-09-16 06:27:00'),
(405, 'p செல்லபாண்டி ', '', 'பாண்டீஸ்வரி ', '', 'உறவுமுறை', 'A. அய்யங்க்கொவில்பட்டி', '', 2, 0, 0, 0, 0, 0, 0, '1000', 11, 5, '2024-09-16 06:27:37'),
(406, 'k முத்துகுமார் ', 'பலசரக்கு கடை ', 'செல்வி ', '', 'உறவுமுறை', 'வடுகபட்டி ', '', 4, 0, 0, 0, 0, 0, 0, '2000', 11, 5, '2024-09-16 06:28:24'),
(407, 'k பரமசிவம் ', '', 'சந்திரா ', '', 'உறவுமுறை', 'வின்னகுடி பாண்டியன் நகர் ', '', 4, 0, 0, 0, 0, 0, 0, '2000', 11, 5, '2024-09-16 06:29:09'),
(408, 'சங்கிலி முத்தையா ', '', 'ஜெயமணி ', '', 'உறவுமுறை', 'வின்னகுடி பாண்டியன் நகர் ', '', 2, 0, 0, 0, 0, 0, 0, '1000', 11, 5, '2024-09-16 06:29:51'),
(409, 'p பாண்டி ', '', 'சித்ரா ', '', 'உறவுமுறை', 'வின்னகுடி பாண்டியன் நகர் ', 'tnstc டிரைவர் ', 2, 0, 0, 0, 0, 0, 0, '1000', 11, 5, '2024-09-16 06:30:44'),
(410, 'vs தவபாண்டி ', '', 'ஜான்சி ராணி ', '', 'உறவுமுறை', 'பெரியகுறவகுடி', '', 2, 0, 0, 0, 0, 0, 0, '1000', 11, 5, '2024-09-16 06:31:27'),
(411, 'a முத்துபாண்டி ', '', 'வைதேவி ', '', 'உறவுமுறை', 'வடுகபட்டி ', 'RI ', 3, 0, 0, 0, 0, 0, 0, '1500', 11, 5, '2024-09-16 06:32:17'),
(412, 'I ஜான் போஸ்கோ ', '', 'பாத்திமா ', '', 'உறவுமுறை', 'தேனி pc பட்டி ', '', 6, 0, 0, 0, 0, 0, 0, '3000', 11, 5, '2024-09-16 06:33:02'),
(413, 'P.சந்திரன்  கனேஸ்வரி', '', '', '', 'உறவுமுறை', 'சடச்சிபட்டி', '', 4, 0, 0, 0, 0, 0, 0, '2000', 11, 5, '2024-09-16 06:33:53'),
(414, 'm மகேந்திரன் ', '', 'மகா  லட்சுமி ', '', 'உறவுமுறை', 'ஆலங்குடி', '', 2, 0, 0, 0, 0, 0, 0, '1000', 11, 5, '2024-09-16 06:34:01'),
(415, ' P.பூங்கொடி ஒச்சம்மாள்', '', '', '', 'உறவுமுறை', 'சடச்சிபட்டி', '', 2, 0, 0, 0, 0, 0, 0, '1000', 11, 5, '2024-09-16 06:34:23'),
(416, ' P.கார்த்திக் சுமதி', '', '', '', 'உறவுமுறை', 'சடச்சிபட்டி', '', 4, 0, 0, 0, 0, 0, 0, '2000', 11, 5, '2024-09-16 06:34:51'),
(417, 'K சுப்பையா ', '', 'செல்வ சிரோன்மணி ', '', 'உறவுமுறை', 'நாகமலை புதுகோட்டை ', '', 2, 0, 0, 0, 0, 0, 0, '1000', 11, 5, '2024-09-16 06:34:56'),
(418, ' S.ஒச்சுக்காளை மாயக்காள்', '', '', '', 'உறவுமுறை', 'சடச்சிபட்டி', '', 4, 0, 0, 0, 0, 0, 0, '2000', 11, 5, '2024-09-16 06:35:19'),
(419, ' P.ரகு உமா', '', '', '', 'உறவுமுறை', 'சடச்சிபட்டி', '', 4, 0, 0, 0, 0, 0, 0, '2000', 11, 5, '2024-09-16 06:35:38'),
(420, 'மணி ', '', '', '', 'உறவுமுறை', 'உசிலம்பட்டி ', 'TRACTOR WORKSHOP ', 4, 0, 0, 0, 0, 0, 0, '2000', 11, 5, '2024-09-16 06:35:44'),
(421, ' A.மூவேந்திரன் ஹேமா', '', '', '', 'உறவுமுறை', 'சடச்சிபட்டி', '', 4, 0, 0, 0, 0, 0, 0, '2000', 11, 5, '2024-09-16 06:36:01'),
(422, 'm ராமன் ', '', 'வீரேந்தி ', '', 'உறவுமுறை', 'சொக்கதேவன்பட்டி ', '', 2, 0, 0, 0, 0, 0, 0, '1000', 11, 5, '2024-09-16 06:36:21'),
(423, ' P.முருகன் பூங்கொடி', '', '', '', 'உறவுமுறை', 'சடச்சிபட்டி', '', 20, 0, 0, 0, 0, 0, 0, '10000', 11, 5, '2024-09-16 06:36:22'),
(424, ' S.மாசணம் ', '', '', '', 'உறவுமுறை', 'சடச்சிபட்டி', 'டீஸ்டால்', 2, 0, 0, 0, 0, 0, 0, '1000', 11, 5, '2024-09-16 06:36:50'),
(425, 'K.சகாதேவன் கவிதா', '', '', '', 'உறவுமுறை', 'சொக்கத்தேவன்பட்டி', 'ஆட்டோ', 3, 0, 0, 0, 0, 0, 0, '1500', 11, 5, '2024-09-16 06:37:23'),
(426, 'v தர்மராஜா ராணுவம் ', '', 'நிவேதா ', '', 'உறவுமுறை', 'சின்னபாலார்பட்டி ', '', 2, 0, 0, 0, 0, 0, 0, '1000', 11, 5, '2024-09-16 06:37:39'),
(427, 'p கணேசன் ', '', 'ஈஸ்வரி ', '', 'உறவுமுறை', 'சொக்கதேவன்பட்டி ', 'TRACTOR உரிமை ', 2, 0, 0, 0, 0, 0, 0, '1000', 11, 5, '2024-09-16 06:38:45'),
(428, 's. சுபாஷ் ', '', 'கனிமொழி ', '', 'உறவுமுறை', 'a. கன்னியம்பட்டி ', '', 10, 0, 0, 0, 0, 0, 0, '5000', 11, 5, '2024-09-16 06:39:28'),
(429, 'r ராஜயோக்கியம் ', '', 'பேயம்மாள் ', '', 'உறவுமுறை', 'ராயகோட்டை ', '', 2, 0, 0, 0, 0, 0, 0, '1000', 11, 5, '2024-09-16 06:40:17'),
(430, 'j சிவராமன் ', 'வாட்டர் SUPPLY ', 'கவிதா ', '', 'உறவுமுறை', 'பள்ளபட்டி ', '', 2, 0, 0, 0, 0, 0, 0, '1000', 11, 5, '2024-09-16 06:40:57'),
(431, 'p அருள்பாண்டி SI ', '', 'வனிதா ', '', 'உறவுமுறை', 'சொக்கதேவன்பட்டி ', '', 14, 0, 0, 0, 0, 0, 0, '7000', 11, 5, '2024-09-16 06:41:36'),
(432, 'm சாந்தகுமார் pc ', '', 'பாக்கிய லட்சுமி ', '', 'உறவுமுறை', 'பெரியகுறவகுடி', '', 5, 0, 0, 0, 0, 0, 0, '2500', 11, 5, '2024-09-16 06:42:27'),
(433, 'D ஜெயசந்திரன் ', 'சுகாதார ஆய்வாளர் ', 'கவிதா ', '', 'உறவுமுறை', 'அய்யனார்குளம் ', '', 10, 0, 0, 0, 0, 0, 0, '5000', 11, 5, '2024-09-16 06:43:15'),
(434, 'L சேகர் ', '', '', '', 'உறவுமுறை', 'அய்யனார்குளம் ', '', 3, 0, 0, 0, 0, 0, 0, '1500', 11, 5, '2024-09-16 06:43:41'),
(435, 'தென்றல்மாறன் K ', '', 'சிவரோகிதா ', '', 'உறவுமுறை', 'அய்யனார்குளம் ', '', 12, 0, 0, 0, 0, 0, 0, '6000', 11, 5, '2024-09-16 06:44:20'),
(436, 'O பாண்டிதுரை ', '', 'தனலட்சுமி ', '', 'உறவுமுறை', 'சின்னகுறவகுடி ', 'அரிசி மில் ', 1, 1, 0, 0, 0, 0, 0, '700', 11, 5, '2024-09-16 06:45:08'),
(437, 'K மகாராஜன் ', '', 'தனலட்சுமி ', '', 'உறவுமுறை', 'பெரியகுறவகுடி', '', 30, 0, 0, 0, 0, 0, 0, '15000', 11, 5, '2024-09-16 06:45:52'),
(438, 'ரங்கராஜ் டிரைவர் ', '', 'லதா ', '', 'உறவுமுறை', 'பெரியகுறவகுடி', '', 2, 0, 0, 0, 0, 0, 0, '1000', 11, 5, '2024-09-16 06:46:20'),
(439, 'a அழகுராஜா tnstc ', '', 'லோகநாயகி ', '', 'உறவுமுறை', 'T சுப்புலாபுரம் ', '', 20, 0, 0, 0, 0, 0, 0, '10000', 11, 5, '2024-09-16 06:47:04'),
(440, 'M செல்லபாண்டி ', '', 'சுகப்ரியா ', '', 'உறவுமுறை', 'மானிப மேட்டுப்பட்டி ', '', 10, 0, 0, 0, 0, 0, 0, '5000', 11, 5, '2024-09-16 06:47:51'),
(441, 'm மலைச்சாமி ', '', 'திவ்யா ', '', 'உறவுமுறை', 'மானிப மேட்டுப்பட்டி ', '', 4, 0, 0, 0, 0, 0, 0, '2000', 11, 5, '2024-09-16 06:48:27'),
(442, 'M.செல்வம் ', '', 'எலிசபெத் ராணி ', '', 'உறவுமுறை', 'தாடையம்பட்டி ', '', 4, 0, 0, 0, 0, 0, 0, '2000', 11, 5, '2024-09-16 06:49:06'),
(443, 'ரமேஷ் ', 'GH STAFF ', 'விஜயலட்சுமி ', '', 'உறவுமுறை', 'குச்சனூர் ', '', 20, 0, 0, 0, 0, 0, 0, '10000', 11, 5, '2024-09-16 06:49:45'),
(444, 'T பார்த்திபன் PWD ', '', '', '', 'உறவுமுறை', 'வாலாந்தூர் ', '', 4, 0, 0, 0, 0, 0, 0, '2000', 11, 5, '2024-09-16 06:50:33'),
(445, 'தெய்வேந்திரன் ', '', 'சுதா SIRD ', '', 'உறவுமுறை', 'உசிலம்பட்டி ', '', 4, 0, 0, 0, 0, 0, 0, '2000', 11, 5, '2024-09-16 06:51:17'),
(446, 'R கர்ணன் ', '', 'அன்னமயில் ', '', 'உறவுமுறை', 'வாலாந்தூர் ', '', 20, 0, 0, 0, 0, 0, 0, '10000', 11, 5, '2024-09-16 06:51:53'),
(447, 'p இன்பராஜ் மகன் மலைச்சாமி ', '', '', '', 'உறவுமுறை', 'வடுகபட்டி ', '', 2, 0, 0, 0, 0, 0, 0, '1000', 11, 5, '2024-09-16 06:52:24'),
(448, 'துல்லுமணி மகன் T ஆனந்தன் ', '', '', '', 'உறவுமுறை', 'வாலாந்தூர் ', 'செல்லம்பட்டி வட்டார காங்கிரஸ் தலைவர் ', 20, 0, 0, 0, 0, 0, 0, '10000', 11, 5, '2024-09-16 06:53:53'),
(449, 'P ராமர் ', '', 'பிரியா ', '', 'உறவுமுறை', 'பொட்டுலுபட்டி ', 'லாரி உரிமை ', 1, 0, 0, 0, 0, 0, 0, '500', 11, 5, '2024-09-16 06:54:34'),
(450, 'M.செல்வம் ', '', 'அஞ்சனா ', '', 'உறவுமுறை', 'அய்யனார்குளம் ', '', 1, 0, 0, 0, 0, 0, 0, '500', 11, 5, '2024-09-16 06:55:08'),
(451, 'v ரவி செல்வமணி ', '', '', '', 'உறவுமுறை', 'ஆரியபட்டி இருப்பு ஹைதராபாத் ', '', 4, 0, 0, 0, 0, 0, 0, '2000', 11, 5, '2024-09-16 06:55:50'),
(452, 'r தினேஷ்குமார் ', '', 'பாரதி ', '', 'உறவுமுறை', 'ஆரியபட்டி இருப்பு ஹைதராபாத் ', '', 2, 0, 0, 0, 0, 0, 0, '1000', 11, 5, '2024-09-16 06:56:29'),
(453, 'm ராஜேந்திரன் ', '', 'கலுவாயி ', '', 'உறவுமுறை', 'ஆரியபட்டி ', '', 1, 0, 0, 0, 0, 0, 0, '500', 11, 5, '2024-09-16 06:57:16'),
(454, 'k தங்கபாண்டி ஏலேக்ட்ரியன் ', '', 'பூங்கொடி ', '', 'உறவுமுறை', 'p வாகைகுளம் ', '', 10, 0, 0, 0, 0, 0, 0, '5000', 11, 5, '2024-09-16 06:58:17'),
(455, 'தெய்வம் ', 'ஆட்டோ உரிமை ', 'சரண்யா ', '', 'உறவுமுறை', 'வடுகபட்டி ', '', 2, 0, 0, 0, 0, 0, 0, '1000', 11, 5, '2024-09-16 06:59:07'),
(456, 'விவேக்பாண்டி ', '', 'கௌசல்யா ', '', 'உறவுமுறை', 'வடுகபட்டி ', '', 1, 0, 0, 0, 0, 0, 0, '500', 11, 5, '2024-09-16 06:59:35'),
(457, 'p ஜெகநாதன் pc ', '', 'ஜெயா ', '', 'உறவுமுறை', 'சொக்கதேவன்பட்டி ', '', 2, 0, 0, 0, 0, 0, 0, '1000', 11, 5, '2024-09-16 07:00:17'),
(458, 'தமிழன் ', '', 'பெருமாயி ', '', 'உறவுமுறை', 'சொக்கதேவன்பட்டி ', '', 2, 0, 0, 0, 0, 0, 0, '1000', 11, 5, '2024-09-16 07:00:56'),
(459, 'செல்ல கணேசன் ', '', 'ரீனா ', '', 'உறவுமுறை', 'சொக்கதேவன்பட்டி ', '', 2, 0, 0, 0, 0, 0, 0, '1000', 11, 5, '2024-09-16 07:01:34'),
(460, 'அருன் பிரதாப் esi ', '', '', '', 'உறவுமுறை', 'மதுரை மாபாளையம் ', '', 2, 0, 0, 0, 0, 0, 0, '1000', 11, 5, '2024-09-16 07:02:29'),
(461, 'அருண் பிரசாத் ', 'ரேஷன் கடை ', 'வினிதா ', '', 'உறவுமுறை', 'மதுரை மாபாளையம் ', '', 2, 0, 0, 0, 0, 0, 0, '1000', 11, 5, '2024-09-16 07:03:13'),
(462, 'M.பசும்பொன் ', '', 'அருள் பிரகதி ', '', 'உறவுமுறை', 'பகாதேவன்பட்டி ', '', 2, 0, 0, 0, 0, 0, 0, '1000', 11, 5, '2024-09-16 07:03:51'),
(463, 'பா ஜெயராமன் ', '', 'மலர்கொடி ', '', 'உறவுமுறை', 'சின்னகுறவகுடி ', '', 2, 0, 0, 0, 0, 0, 0, '1000', 11, 5, '2024-09-16 07:04:24'),
(464, 'k குபேந்திரன் ', '', 'மீனா ', '', 'உறவுமுறை', 'வாலாந்தூர் ', '', 4, 0, 0, 0, 0, 0, 0, '2000', 11, 5, '2024-09-16 07:05:08'),
(465, 't சுந்தர் பாண்டி ', 'பழக்கடை ', 'பாண்டிசெல்வி ', '', 'உறவுமுறை', 'மதுரை k சாலை இந்திராநிநகர் ', '', 50, 0, 0, 0, 0, 0, 0, '25000', 11, 5, '2024-09-16 07:06:02'),
(466, 'k சித்தன் ', '', 'முருகேஸ்வரி ', '', 'உறவுமுறை', 'சொக்கதேவன்பட்டி ', '', 10, 0, 0, 0, 0, 0, 0, '5000', 11, 5, '2024-09-16 07:06:31'),
(467, 'kt தர்மலிங்கம் ', '', 'பூங்கா ', '', 'உறவுமுறை', 'சொக்கதேவன்பட்டி ', '', 1, 0, 0, 0, 0, 0, 0, '500', 11, 5, '2024-09-16 07:07:06'),
(468, 'p. மதிவாணன் ', '', 'பாண்டீஸ்வரி ', '', 'உறவுமுறை', 'சொக்கதேவன்பட்டி ', '', 144, 0, 0, 0, 0, 0, 0, '72000', 11, 5, '2024-09-16 07:07:51'),
(469, 'D.செல்வம் ', '', 'சாந்தி ', '', 'உறவுமுறை', 'K.நாட்டாபட்டி ', '', 16, 0, 0, 0, 0, 0, 0, '8000', 11, 5, '2024-09-16 07:08:49'),
(470, 'p சஞ்சய் ', '', 'சுவர்ணா ', '', 'உறவுமுறை', 'c. நாட்டாபட்டி ', '', 6, 0, 0, 0, 0, 0, 0, '3000', 11, 5, '2024-09-16 07:11:53'),
(471, 'E.கணேசன் ', 'மார்க்கெட் ', 'சிவரஞ்சனி ', '', 'உறவுமுறை', 'சொக்கதேவன்பட்டி ', '', 2, 0, 0, 0, 0, 0, 0, '1000', 11, 5, '2024-09-16 07:12:34'),
(472, 'j சிலம்பரசன் ', 'டிவிஎஸ் ', 'நிவேதா ', '', 'உறவுமுறை', 'சொக்கதேவன்பட்டி ', '', 2, 0, 0, 0, 0, 0, 0, '1000', 11, 5, '2024-09-16 07:13:09'),
(473, 'P பரமன் ', '', 'பாண்டியம்மாள் ', '', 'உறவுமுறை', 'சொக்கதேவன்பட்டி ', '', 2, 0, 0, 0, 0, 0, 0, '1000', 11, 5, '2024-09-16 07:13:37'),
(474, 'p மகேந்திரன் ', '', 'சத்யா ', '', 'உறவுமுறை', 'பாப்பாபட்டி ', 'டாஸ்மாக் ', 2, 0, 0, 0, 0, 0, 0, '1000', 11, 5, '2024-09-16 07:14:23'),
(475, 'P சுந்தரபாண்டி ', 'பால் வண்டி ', 'நித்யா ', '', 'தாய்மாமன்', 'அய்யங்கோட்டை ', '', 50, 0, 0, 0, 0, 0, 0, '25000', 11, 5, '2024-09-16 07:15:19'),
(476, 'MO . வாசுதேவன் ', '', 'பிரிசில்லா ', '', 'உறவுமுறை', 'அன்னம்பாரிபட்டி ', '', 10, 0, 0, 0, 0, 0, 0, '5000', 11, 5, '2024-09-16 07:16:10'),
(477, 'MK வினோத்குமார் ', 'ஆசிரியர் ', 'சங்கீதா ', '', 'உறவுமுறை', 'பச்சகோப்பன்பட்டி ', '', 4, 0, 0, 0, 0, 0, 0, '2000', 11, 5, '2024-09-16 07:17:13'),
(478, 'O வினோத்குமார் ', '', 'சௌமியா ', '', 'உறவுமுறை', 'சின்னகுறவகுடி ', '', 2, 0, 0, 0, 0, 0, 0, '1000', 11, 5, '2024-09-16 07:17:56'),
(479, 'c ஒச்சாதேவன் ', '', '', '', 'உறவுமுறை', 'சின்னகுறவகுடி ', 'ஆட்டு வியாபாரி ', 2, 1, 0, 0, 0, 0, 0, '1200', 11, 5, '2024-09-16 07:19:14'),
(480, 'R குமார் ', 'மளிகை கடை ', 'தேவி ', '', 'உறவுமுறை', 'பெரியகுறவகுடி', '', 2, 0, 0, 0, 0, 0, 0, '1000', 11, 5, '2024-09-16 07:19:55'),
(481, 'R குபேந்திரன் ', '', 'விமலாதேவி ', '', 'உறவுமுறை', 'a.ராமநாதபுரம் ', '', 4, 0, 0, 0, 0, 0, 0, '2000', 11, 5, '2024-09-16 07:20:38'),
(482, 'R அன்புராஜா ', '', 'மல்லிகா ', '', 'உறவுமுறை', 'a.ராமநாதபுரம் ', '', 3, 0, 0, 0, 0, 0, 0, '1500', 11, 5, '2024-09-16 07:21:11'),
(483, 'N சீமைசாமி ', '', 'தீபிகா ', '', 'உறவுமுறை', 'a.ராமநாதபுரம் ', '', 2, 0, 0, 0, 0, 0, 0, '1000', 11, 5, '2024-09-16 07:21:48'),
(484, 'சீமான் மகன் வீரணன் ', '', '', '', 'உறவுமுறை', 'சொக்கதேவன்பட்டி ', '', 4, 0, 0, 0, 0, 0, 0, '2000', 11, 5, '2024-09-16 07:22:11'),
(485, 'P ஈஸ்வரன் ', '', 'கீதா ', '', 'உறவுமுறை', 'அய்யனார்குளம் ', 'முன்னாள் ராணுவம் ', 3, 0, 0, 0, 0, 0, 0, '1500', 11, 5, '2024-09-16 07:22:59'),
(486, 'V அம்மாவாசி ', '', 'சரிதா ', '', 'உறவுமுறை', 'சின்னகுறவகுடி ', '', 1, 0, 0, 0, 0, 0, 0, '500', 11, 5, '2024-09-16 07:23:32'),
(487, 'T சிவலிங்கம் ', '', 'சிவப்ரியா ', '', 'உறவுமுறை', 'சொக்கதேவன்பட்டி ', '', 2, 0, 0, 0, 0, 0, 0, '1000', 11, 5, '2024-09-16 07:24:07'),
(488, 'LP முருகன் ', '', 'சுகந்தி ', '', 'உறவுமுறை', 'ஒய்யண்டாபட்டி ', '', 2, 0, 0, 0, 0, 0, 0, '1000', 11, 5, '2024-09-16 07:24:55'),
(489, 'ராஜ்குமார் ', '', 'புவனா ', '', 'உறவுமுறை', 'சிக்கம்பட்டி ', '', 2, 0, 0, 0, 0, 0, 0, '1000', 11, 5, '2024-09-16 07:25:30'),
(490, 'K பாபு ', '', 'ப்ரியா ', '', 'உறவுமுறை', 'தேங்கல்பட்டி ', 'ரயில்வே ', 2, 0, 0, 0, 0, 0, 0, '1000', 11, 5, '2024-09-16 07:26:14'),
(491, 'A சின்னன் ', 'விவசாயம் ', 'சரசு ', '9787188015', 'உறவுமுறை', 'அய்யனார்குளம் ', 'விவசாயி ', 2, 0, 0, 0, 0, 0, 0, '2000', 11, 5, '2024-09-16 07:27:06'),
(492, 'R பாண்டியன் ', '', 'மகேஸ்வரி ', '9943899281', 'உறவுமுறை', 'ஆரியபட்டி ', 'ஊ ம தலைவர் ', 20, 0, 0, 0, 0, 0, 0, '10000', 11, 5, '2024-09-16 07:29:43'),
(493, 'பூமிநாதன் ', 'விவசாயம் ', 'லட்சுமி ', '7548841432', 'உறவுமுறை', 'உத்தப்பநாயக்கநூர்  மூனாறு ', 'விவசாயம் ', 16, 0, 0, 0, 0, 0, 0, '6000', 11, 5, '2024-09-16 07:31:03'),
(494, 'V அக்கினிதேவர் ', '', 'பூங்கொடி ', '', 'தாய்மாமன்', 'வடுகபட்டி ', 'வீராகோவில் பெரிய பூசாரி ', 100, 0, 0, 0, 0, 0, 1, '50001', 11, 5, '2024-09-16 07:34:00'),
(495, 'A.வீரமணி ', '', 'செல்வப்பிரியா ', '', 'உறவுமுறை', 'வடுகபட்டி ', '', 100, 0, 0, 0, 0, 0, 1, '50001', 11, 5, '2024-09-16 07:34:56'),
(496, 'M பாண்டி ', '', 'சுமதி ', '', 'உறவுமுறை', 'சடச்சிபட்டி', '', 2, 0, 0, 0, 0, 0, 0, '1000', 11, 5, '2024-09-16 07:35:26'),
(497, 'SV மருதுபாண்டி ', '', '', '', 'உறவுமுறை', 'பெரியகுறவகுடி', 'அம்மன் ரேடியோஸ் ', 2, 0, 1, 0, 0, 0, 0, '1100', 11, 5, '2024-09-16 07:36:08'),
(498, 'M அன்புபாண்டி ', '', 'ஈஸ்வரி ', '', 'உறவுமுறை', 'கீரிப்பட்டி ', '', 4, 0, 0, 0, 0, 0, 0, '2000', 11, 5, '2024-09-16 07:36:47'),
(499, 'மகேந்திரன் ', '', 'வைரசிலை ', '', 'உறவுமுறை', 'கர்நாடகா ', '', 4, 0, 0, 0, 0, 0, 0, '2000', 11, 5, '2024-09-16 07:37:17'),
(500, 'K ராசு ', '', 'பாண்டியம்மாள் ', '', 'உறவுமுறை', 'வடுகபட்டி ', '', 1, 0, 3, 0, 0, 0, 0, '800', 11, 5, '2024-09-16 07:37:48'),
(501, 'P.விஜயகுமார் ', '', 'சங்கீதா ', '', 'உறவுமுறை', 'உசிலம்பட்டி EB எதிர்புறம் ', 'AGRI ', 1, 0, 0, 0, 0, 0, 0, '500', 11, 5, '2024-09-16 07:38:47'),
(502, 'S ரவி ', '', 'திவ்யா ', '', 'உறவுமுறை', 'வின்னகுடி ', 'நெல் வியாபாரி ', 4, 0, 0, 0, 0, 0, 0, '2000', 11, 5, '2024-09-16 07:39:32'),
(503, 'M மன்மதன் சாந்தி ', '', '', '', 'உறவுமுறை', 'வின்னகுடி ', 'முன்னாள் ராணுவம் ', 2, 0, 0, 0, 0, 0, 0, '1000', 11, 5, '2024-09-16 07:40:14'),
(504, 'M.ஜெகன் சுபத்ரா', '', '', '9751298239', 'உறவுமுறை', 'பெரியகுறவகுடி', 'Tata Ace', 10, 0, 0, 0, 0, 0, 0, '5000', 11, 5, '2024-09-16 07:40:33'),
(505, 'G அழகுராஜா ', '', 'முத்துபாக்கியம் ', '', 'உறவுமுறை', 'a.கன்னியம்பட்டி ', '', 2, 0, 0, 0, 0, 0, 0, '1000', 11, 5, '2024-09-16 07:40:51'),
(506, 'M.ஜெகதீசன் ஜீவிதா', '', '', '', 'உறவுமுறை', 'பெரியகுறவகுடி', 'ஆட்டோ', 1, 0, 3, 0, 0, 0, 0, '800', 11, 5, '2024-09-16 07:41:06'),
(507, 'D பழனி ', '', '', '', 'உறவுமுறை', 'k நாட்டாபட்டி ', 'tnstc டிரைவர் ', 1, 0, 0, 0, 0, 0, 0, '500', 11, 5, '2024-09-16 07:41:29'),
(508, 'M.மகாராஜன் பூங்கொடி', '', '', '', 'உறவுமுறை', 'பெரியகுறவகுடி', '', 1, 0, 0, 0, 0, 0, 0, '500', 11, 5, '2024-09-16 07:41:34'),
(509, 'S.மணிகண்டன் ', '', 'தங்கம்மாள் ', '', 'உறவுமுறை', 'சின்னக்குறவகுடி ', '', 1, 0, 1, 0, 0, 0, 0, '600', 11, 5, '2024-09-16 07:42:08'),
(510, 'பெரியகருப்பன் ', '', 'சந்திரா ', '', 'உறவுமுறை', 'ஒய்யண்டாபட்டி ', '', 1, 0, 0, 0, 0, 0, 0, '500', 11, 5, '2024-09-16 07:42:40'),
(511, 'கணிராஜா ', '', 'பூபதி ', '', 'உறவுமுறை', 'மேக்கிலார்பட்டி ', '', 4, 0, 0, 0, 0, 0, 0, '2000', 11, 5, '2024-09-16 07:43:14'),
(512, ' R.மலைச்சாமி ', '', '', '', 'உறவுமுறை', 'தி.விளக்கு', 'MMK யோஸ்ரீ மஹால்', 42, 0, 0, 0, 0, 0, 0, '21000', 11, 5, '2024-09-16 07:43:22'),
(513, 'P பால்சாமி ', '', 'மகாலட்சுமி ', '', 'உறவுமுறை', 'கொண்டையம்பட்டி ', '', 4, 0, 0, 0, 0, 0, 0, '2000', 11, 5, '2024-09-16 07:44:03'),
(514, 'P சென்றாயன் ', '', 'பூமாதேவி ', '', 'உறவுமுறை', 'தேவதானப்பட்டி ', '', 3, 0, 0, 0, 0, 0, 0, '1500', 11, 5, '2024-09-16 07:44:40'),
(515, 'KVK.லட்சக்கொடி லோகராணி', '', '', '', 'உறவுமுறை', 'வடுகபட்டி', '', 6, 0, 0, 0, 0, 0, 0, '3000', 11, 5, '2024-09-16 07:45:26'),
(516, 'KVK.தெய்வேந்திரன் ஒச்சம்மாள்  ', '', '', '', 'உறவுமுறை', 'வடுகபட்டி', '', 6, 0, 0, 0, 0, 0, 0, '3000', 11, 5, '2024-09-16 07:46:02'),
(517, 'P.அஜித்குமார் நந்தினி ', '', '', '', 'உறவுமுறை', 'ஜல்லிபட்டி', '', 4, 0, 0, 0, 0, 0, 0, '2000', 11, 5, '2024-09-16 07:46:51'),
(518, 'S.பாலமுருகன் சிந்து', '', '', '', 'உறவுமுறை', 'ஜல்லிபட்டி', '', 10, 0, 0, 0, 0, 0, 0, '5000', 11, 5, '2024-09-16 07:47:21'),
(519, 'மாவீரன் ', '', 'சிவப்ரியா ', '', 'உறவுமுறை', 'பெரியகுளம் GH ', '', 2, 0, 0, 0, 0, 0, 0, '1000', 11, 5, '2024-09-16 07:51:30'),
(520, 'M முத்துராமன் ', '', 'திவ்யா ', '', 'உறவுமுறை', 'தேனி பெரியகுளம் GH ', '', 4, 0, 0, 0, 0, 0, 0, '2000', 11, 5, '2024-09-16 07:52:23'),
(521, 'K ராஜூ ', '', 'அன்னலட்சுமி ', '', 'உறவுமுறை', 'பொட்டுலுபட்டி ', '', 2, 0, 0, 0, 0, 0, 0, '1000', 11, 5, '2024-09-16 07:53:19'),
(522, 'RM.ராதாகிருஷ்ணன் சித்ராதேவி', '', '', '', 'உறவுமுறை', 'பெரியகுறவகுடி', '', 2, 0, 0, 0, 0, 0, 0, '1000', 11, 5, '2024-09-16 07:54:35'),
(523, 'NSR.லோகநாதன் கலாவதி', '', '', '', 'உறவுமுறை', 'பெரியகுறவகுடி', '', 10, 0, 0, 0, 0, 0, 0, '5000', 11, 5, '2024-09-16 07:55:10'),
(524, 'N.பத்ரிநாத் தீபிகா', '', '', '', 'உறவுமுறை', 'ஹார்விபட்டி', '', 4, 0, 0, 0, 0, 0, 0, '2000', 11, 5, '2024-09-16 07:55:46'),
(525, ' J.ரீகன் ரூபிகா', '', '', '', 'உறவுமுறை', 'வாலாந்தூர்', 'SI', 4, 0, 0, 0, 0, 0, 0, '2000', 11, 5, '2024-09-16 07:56:18'),
(526, 'C. தங்கேஸ்வரி', '', '', '', 'உறவுமுறை', 'பசுக்காரன்பட்டி', 'எழுத்தர்', 10, 0, 0, 0, 0, 0, 0, '5000', 11, 5, '2024-09-16 07:57:11'),
(527, 'VKP பவுன்ராஜ் ', '', '', '', 'உறவுமுறை', 'சொக்கதேவன்பட்டி ', '', 8, 0, 0, 0, 0, 0, 0, '4000', 11, 5, '2024-09-16 07:57:13'),
(528, 'VKP பிரபு ', '', '', '', 'உறவுமுறை', 'சொக்கதேவன்பட்டி ', 'ஆசிரியர் ', 1, 0, 0, 0, 0, 0, 0, '500', 11, 5, '2024-09-16 07:57:45'),
(529, 'தங்கபாண்டி ', '', 'சந்திரகலா ', '', 'உறவுமுறை', 'பொட்டுலுபட்டி ', '', 1, 0, 0, 0, 0, 0, 0, '500', 11, 5, '2024-09-16 07:59:04'),
(530, 'S சக்கரை ', '', 'பாண்டீஸ்வரி ', '', 'உறவுமுறை', 'உச்சப்பட்டி ', '', 2, 0, 0, 0, 0, 0, 0, '1000', 11, 5, '2024-09-16 07:59:46'),
(531, 'சிவன்காளை ', '', 'நிவேதா ', '', 'உறவுமுறை', 'மேலதிருமாணிக்கம் ', '', 2, 0, 0, 0, 0, 0, 0, '1000', 11, 5, '2024-09-16 08:00:40'),
(532, 'ராமன் ', '', 'பெருமாயி ', '', 'உறவுமுறை', 'பொட்டுலுபட்டி ', '', 2, 0, 0, 0, 0, 0, 0, '1000', 11, 5, '2024-09-16 08:01:05'),
(533, 'P கோபி ', '', 'பரிமளா ', '', 'உறவுமுறை', 'பொட்டுலுபட்டி ', '', 1, 0, 0, 0, 0, 0, 0, '500', 11, 5, '2024-09-16 08:01:42'),
(534, 'V வீரத்தேவன் ', 'ஆசிரியர் ', 'உஷா ', '', 'உறவுமுறை', 'மதுரை எல்லீஸ்நகர் ', '', 2, 0, 0, 0, 0, 0, 0, '1000', 11, 5, '2024-09-16 08:02:45'),
(535, 'R.தெய்வம் சாரதா', '', '', '', 'உறவுமுறை', 'பச்சக்கோப்பன்பட்டி', '', 200, 0, 0, 0, 0, 0, 0, '100000', 11, 5, '2024-09-16 08:03:18'),
(536, 'செல்வம் தனம்', '', '', '', 'உறவுமுறை', 'மதுரை செல்லூர்', '', 2, 0, 0, 0, 0, 0, 0, '1000', 11, 5, '2024-09-16 08:04:33'),
(537, ' பால்ராஜ் பாலாமணி', '', '', '', 'உறவுமுறை', 'மதுரை செல்லூர்', '', 2, 0, 0, 0, 0, 0, 0, '1000', 11, 5, '2024-09-16 08:05:18'),
(538, 'M ஜோதிபாசு ', '', 'திவ்யா ', '9787522182', 'உறவுமுறை', 'K புளியங்குளம் ', 'TNSTC ', 2, 0, 0, 0, 0, 0, 0, '1000', 11, 5, '2024-09-16 08:08:30'),
(539, 'S.விவேக் பிருந்தா', '', '', '', 'உறவுமுறை', 'தி.விளக்கு', 'யோகஸ்ரீ சூப்பர் மார்கெட்', 5, 0, 0, 0, 0, 0, 0, '2500', 11, 5, '2024-09-16 08:08:59'),
(540, ' R.தெய்வம் செல்லவீரம்மாள்', '', '', '', 'உறவுமுறை', 'வடுகபட்டி', '', 5, 0, 0, 0, 0, 0, 0, '2500', 11, 5, '2024-09-16 08:09:29'),
(541, 'V.அன்புராஜா அனிதா', '', '', '', 'உறவுமுறை', 'ஈச்சம்பட்டி', '', 10, 0, 0, 0, 0, 0, 0, '5000', 11, 5, '2024-09-16 08:09:57'),
(542, ' திருப்பதி சுவிதா', '', '', '', 'உறவுமுறை', 'நாகமலை என் ஜி ஒ காலனி', '', 2, 0, 0, 0, 0, 0, 0, '1000', 11, 5, '2024-09-16 08:10:40'),
(543, ' R.சிவக்குமார் தமிழ்ச்செல்வி', '', '', '', 'உறவுமுறை', 'சென்னை', 'TVS', 4, 0, 0, 0, 0, 0, 0, '2000', 11, 5, '2024-09-16 08:11:27'),
(544, 'ரமேஷ்  லதா ', '', '', '', 'உறவுமுறை', 'பகாத்தேவன்பட்டி ', '', 10, 0, 0, 0, 0, 0, 0, '5000', 11, 5, '2024-09-16 08:13:17'),
(545, ' P.பால்பாண்டி கலைச்செல்வி ', '', '', '', 'உறவுமுறை', 'கட்டகருப்பன்பட்டு', 'சமையல் மாஸ்டர் ', 10, 0, 0, 0, 0, 0, 0, '5000', 11, 5, '2024-09-16 08:14:54'),
(546, 'M.சுதாகரன் ', '', '', '', 'உறவுமுறை', 'அய்யனார்குளம் ', 'உழவர் மையம் உரக்கடை', 4, 1, 0, 0, 0, 0, 0, '2200', 11, 5, '2024-09-16 08:17:18'),
(547, ' R.குபேந்திரன் கவிதா', '', '', '', 'உறவுமுறை', 'அய்யனார்குளம் ', 'TNSTC', 0, 0, 10, 0, 0, 0, 0, '1000', 11, 5, '2024-09-16 08:17:58'),
(548, 'M கார்த்திகேயன் ', '', 'சிவனேஸ்வரி ', '9342757370', 'உறவுமுறை', 'பெரியகுறவகுடி', 'TAYLOR ', 4, 0, 0, 0, 0, 0, 0, '2000', 11, 5, '2024-09-16 08:18:34'),
(549, 'உ.சின்னன் கலாவதி', '', '', '', 'உறவுமுறை', 'கல்லூத்து', '', 2, 0, 0, 0, 0, 0, 0, '1000', 11, 5, '2024-09-16 08:18:40'),
(550, 'S.மகேஸ் பசுபதி', '', '', '', 'உறவுமுறை', 'கல்லூத்து இருப்பு சென்னை', '', 4, 0, 0, 0, 0, 0, 0, '2000', 11, 5, '2024-09-16 08:19:25'),
(551, 'P அமுல்ராஜ் ', '', '', '', 'உறவுமுறை', 'K.வடுகபட்டி இருப்பு செல்லம்பட்டி ', 'TNSTC ', 2, 0, 0, 0, 0, 0, 0, '1000', 11, 5, '2024-09-16 08:20:22'),
(552, 'மாயி ', '', 'கருத்தவனம் ', '', 'உறவுமுறை', 'பெரியகுறவகுடி', '', 1, 1, 0, 0, 0, 0, 0, '700', 11, 5, '2024-09-16 08:21:04'),
(553, 'P வெங்கடாசலபதி ', '', 'பிரியா ', '', 'உறவுமுறை', 'பெரியகுறவகுடி', '', 2, 0, 0, 0, 0, 0, 0, '1000', 11, 5, '2024-09-16 08:21:56'),
(554, 'P ராதாகிருஷ்ணன் ', '', 'பாலா ', '', 'உறவுமுறை', 'பெரியகுறவகுடி', 'கோழிபண்ணை ', 2, 0, 0, 0, 0, 0, 0, '1000', 11, 5, '2024-09-16 08:23:03'),
(555, 'A ஜெகவீரபாண்டியன் ', 'VAO ', 'ஜான்சி ', '', 'உறவுமுறை', 'வாலாந்தூர் ', 'டாக்டர் ', 4, 0, 0, 0, 0, 0, 0, '2000', 11, 5, '2024-09-16 08:23:54'),
(556, 'P பரமசிவம் ', '', 'கலாதேவி {தீபா }', '', 'உறவுமுறை', 'செக்கானூரணி ', '', 2, 0, 0, 0, 0, 0, 0, '1000', 11, 5, '2024-09-16 08:25:10'),
(557, 'செல்லப்பா ', '', 'அருந்ததி ', '', 'உறவுமுறை', 'செக்காணூரணி ', 'வேல்மாயன் மெடிக்கல் ', 100, 0, 0, 0, 0, 0, 0, '50000', 11, 5, '2024-09-16 08:26:17'),
(558, 'காசி மகாலட்சுமி', '', '', '', 'உறவுமுறை', 'பெரியகுறவகுடி', '', 2, 0, 0, 0, 0, 0, 0, '1000', 11, 5, '2024-09-16 08:28:37'),
(559, 'T மனோகரன் ', 'நெடுஞ்சாலை துறை ', 'தெய்வகனி ', '', 'உறவுமுறை', 'பொட்டுலுபட்டி ', '', 100, 0, 0, 0, 0, 0, 0, '50000', 11, 5, '2024-09-16 08:28:47'),
(560, 'MP. ராஜா மகன் R. நவீன் ', '', '', '', 'உறவுமுறை', 'அய்யம்பட்டி {இருப்பு செக்காணூரணி} ', 'FINANCE ', 2, 0, 0, 0, 0, 0, 0, '1000', 11, 5, '2024-09-16 08:32:22'),
(561, 'MP ராஜா மகன் R பிச்சைபாண்டி ', '', '', '', 'உறவுமுறை', 'அய்யம்பட்டி {இருப்பு செக்காணூரணி} ', 'ENGINEER ', 2, 0, 0, 0, 0, 0, 0, '1000', 11, 5, '2024-09-16 08:33:26'),
(562, 'கணேசன் ', '', 'சூரியகலா ', '', 'உறவுமுறை', 'ஓசூர் ', '', 2, 0, 0, 0, 0, 0, 0, '1000', 11, 5, '2024-09-16 08:34:04'),
(563, 'M. ரவி ', '', 'அனிதா ', '', 'உறவுமுறை', 'பெரியகுறவகுடி', 'ஆட்டோ ', 2, 0, 0, 0, 0, 0, 0, '1000', 11, 5, '2024-09-16 08:38:21'),
(564, 'A. ஜெயகுமார் ', '', 'ஜோதி ', '', 'உறவுமுறை', 'பெரியகுறவகுடி', '', 2, 0, 0, 0, 0, 0, 0, '1000', 11, 5, '2024-09-16 08:39:03'),
(565, 'M. பரமன் ', '', 'தவம் ', '', 'உறவுமுறை', 'பெரியகுறவகுடி', '', 2, 0, 0, 0, 0, 0, 0, '1000', 11, 5, '2024-09-16 08:39:37'),
(566, 'M. முருகேசன் மகன் அகிலன் ', '', '', '', 'உறவுமுறை', 'பெரியகுறவகுடி', 'TNSTC நடத்துனர் ', 6, 0, 0, 0, 0, 0, 0, '3000', 11, 5, '2024-09-16 08:40:50'),
(567, 'P. அசோக் குமார் ', '', 'அங்கம்மாள் ', '', 'உறவுமுறை', 'V. கள்ளப்பட்டி ', '', 2, 0, 0, 0, 0, 0, 0, '1000', 11, 5, '2024-09-16 08:41:43'),
(568, 'ஆரஞ்சிகொடி ', 'டாஸ்மாக் ', 'செல்வகொடி ', '', 'உறவுமுறை', 'பெரியகுறவகுடி', '', 2, 0, 0, 0, 0, 0, 0, '1000', 11, 5, '2024-09-16 08:42:30'),
(569, 'J. கணேசன் ', '', 'சுகந்தி ', '', 'உறவுமுறை', 'பாப்பாபட்டி ', 'TNSTC டிரைவர் ', 3, 0, 0, 0, 0, 0, 0, '1500', 11, 5, '2024-09-16 08:43:35'),
(570, 'S. வசந்த் ', 'வடுகபட்டி கணபதி மகள் ', 'G.ஜெயந்தி ', '', 'உறவுமுறை', 'விளாச்சேரி ', '', 1, 1, 0, 0, 0, 0, 0, '700', 11, 5, '2024-09-16 08:45:28'),
(571, 'P. ஜெயச்சந்திரன் ', '', 'சுந்தரி ', '', 'உறவுமுறை', 'மேலபெருமாள்பட்ட்டி ', '', 2, 0, 0, 0, 0, 0, 0, '1000', 11, 5, '2024-09-16 08:49:17'),
(572, 'N. பிரபு ', 'CABLES', 'ஆர்த்தி ', '', 'உறவுமுறை', 'கீழசெம்பட்டி ', '', 2, 0, 0, 0, 0, 0, 0, '1000', 11, 5, '2024-09-16 08:54:42'),
(573, 'A. ஜஸ்டின் திரவியம் ', '', 'ரோஸி ', '', 'உறவுமுறை', 'எரசக்கநாயக்கநூர் ', '', 10, 0, 0, 0, 0, 0, 0, '5000', 11, 5, '2024-09-16 08:59:02'),
(574, 'ராஜேந்திரன் ', '', 'அல்லிமலர் ', '', 'உறவுமுறை', 'கல்கொண்டம்பட்டி ', '', 1, 0, 1, 0, 0, 0, 0, '600', 11, 5, '2024-09-16 09:00:15'),
(575, 'P. அய்யர் ', '', 'ஜோதி ', '', 'உறவுமுறை', 'பெரியகுறவகுடி', 'TNSTC ', 1, 0, 1, 0, 0, 0, 0, '600', 11, 5, '2024-09-16 09:00:59'),
(576, 'C.பிரபாகரன் SI ', '', 'பிரியங்கா ', '', 'உறவுமுறை', 'கீழக்குயில்குடி ', '', 100, 0, 0, 0, 0, 0, 1, '50001', 11, 5, '2024-09-16 09:02:05'),
(577, 'SR நாகேந்திரன் ', '', 'யுவராணி ', '', 'தாய்மாமன்', 'வடுகபட்டி இருப்பு குஜராத் ', 'மிட்டாய் கம்பெனி ', 100, 0, 0, 0, 0, 0, 0, '50000', 11, 5, '2024-09-16 09:03:56'),
(578, 'சுபாசந்தர் ', '', 'பாரதி ', '', 'உறவுமுறை', 'திருமங்கலம் ', '', 4, 0, 0, 0, 0, 0, 0, '2000', 11, 5, '2024-09-16 09:06:04'),
(579, 'P. பாண்டி மகன் அரவிந்தன் ', '', '', '', 'உறவுமுறை', 'சின்னகுறவகுடி ', 'ENGINEER ', 2, 0, 0, 0, 0, 0, 0, '1000', 11, 5, '2024-09-16 09:22:17'),
(580, 'A. முருகன் பழனியம்மாள் ', 'கக  ', 'பழனியம்மாள் ', '99 ', 'உறவுமுறை', 'பாப்பாபட்டி ', 'விவசாயம் ', 0, 0, 0, 0, 0, 0, 0, '500 ', 16, 2, '2024-09-16 16:49:22'),
(581, 'பழனிமாயன் மகன் பிரித்திவீராஜ் ', '', '', '', 'உறவுமுறை', 'பாப்பாபட்டி  ', '', 2, 0, 0, 0, 0, 0, 0, '1000', 16, 2, '2024-09-16 16:53:26'),
(582, 'M. ராஜபாண்டி   அருணா  ', '', '', '', 'உறவுமுறை', 'மதுரை பெத்தாணியாபுரம் ', '', 6, 0, 0, 0, 0, 0, 0, '3000', 16, 2, '2024-09-16 16:56:06'),
(583, 'P. மாதவன் கெ ளசல்யா ', 'கக ', '\\க ', '99  ', 'உறவுமுறை', 'குளத்துப்பட்டி ', 'ஜஜ  ', 0, 0, 0, 0, 0, 0, 0, '2000', 16, 2, '2024-09-16 16:57:03'),
(584, 'M. முருகபாண்டி  பிரேமா  ', '', '', '', 'உறவுமுறை', 'பெரியகுறவகுடி', 'டாஸ்மாக்  ', 1, 0, 0, 0, 0, 0, 0, '500', 16, 2, '2024-09-16 16:59:54'),
(585, 'J. முத்தமிழ்பாண்டி  ', 'ல் ', 'ஜ ', '9 ', 'உறவுமுறை', 'paappaapatti ', 'க ', 0, 0, 0, 0, 0, 0, 0, '2000 ', 16, 2, '2024-09-16 17:02:55'),
(586, 'M. இஞ்சி எ  மாயாண்டி மதன் அனிதா  ', '', '', '', 'உறவுமுறை', 'பாப்பாபட்டி ', '', 1, 0, 0, 0, 0, 0, 0, '500', 16, 2, '2024-09-16 17:05:46'),
(587, 'M.இளங்கோவன் கலைச்செல்வி', '', '', '', 'உறவுமுறை', 'கீழப்பட்டி', 'மீனாட்சி ஸ்டோர்', 2, 0, 0, 0, 0, 0, 0, '1000', 16, 2, '2024-09-16 17:10:10'),
(588, ' P.முருகன் முனீஸ்வரி ', '', '', '', 'உறவுமுறை', 'பாப்பாபட்டி', '', 3, 0, 0, 0, 0, 0, 0, '1500', 16, 2, '2024-09-16 17:10:53'),
(589, ' K. காசிபாண்டி அனுசியா ', '', '', '', 'உறவுமுறை', 'மேக்கிழார்பட்டி', 'கிராம உதவியாளர்', 2, 0, 0, 0, 0, 0, 0, '1000', 16, 2, '2024-09-16 17:12:28'),
(590, ' J.ஜெகதீசன் பிரேமா', '', '', '', 'உறவுமுறை', 'பாப்பாபட்டி', 'ஆப்பிள் எலக்ட்ராணிக்ஸ்', 2, 0, 0, 0, 0, 0, 0, '1000', 16, 2, '2024-09-16 17:13:46'),
(591, ' K.சிவா ஜெயலட்சுமி ', '', '', '', 'உறவுமுறை', 'N.அய்யம்பட்டி', '', 1, 0, 0, 0, 0, 0, 0, '500', 16, 2, '2024-09-16 17:14:15'),
(592, 'S.தங்கராமன் மாயஜோதி', '', '', '', 'உறவுமுறை', 'பாப்பாபட்டி', '', 1, 1, 0, 0, 0, 0, 0, '700', 16, 2, '2024-09-16 17:15:03'),
(593, 'P.குபேந்திரன் முத்துபாண்டியம்மாள்', '', '', '', 'உறவுமுறை', 'பாப்பாபட்டி', '', 2, 0, 0, 0, 0, 0, 0, '1000', 16, 2, '2024-09-16 17:15:48'),
(594, 'டெய்லர் மகன் அலெக்ஸ்பாண்டி காவியா', '', '', '', 'உறவுமுறை', 'பாப்பாபட்டி', '', 1, 0, 0, 0, 0, 0, 0, '500', 16, 2, '2024-09-16 17:16:39'),
(595, 'ஆனந்த் சுபத்ரா', '', '', '', 'உறவுமுறை', 'பாப்பாபட்டி', '', 1, 0, 0, 0, 0, 0, 0, '500', 16, 2, '2024-09-16 17:17:11'),
(596, 'பாண்டி நந்தினி ', '', '', '', 'உறவுமுறை', 'சடச்சிபட்டி', '', 1, 0, 0, 0, 0, 0, 0, '500', 16, 2, '2024-09-16 17:17:50'),
(597, ' P.கிருஷ்ணன் ஜெயஜோதி', '', '', '', 'உறவுமுறை', 'பாப்பாபட்டி', '', 4, 0, 0, 0, 0, 0, 0, '2000', 16, 2, '2024-09-16 17:18:45'),
(598, 'K.O.ராமசாமி தனுஷ்கொடி', '', '', '', 'உறவுமுறை', 'பாப்பாபட்டி', '', 1, 0, 0, 0, 0, 0, 0, '500', 16, 2, '2024-09-16 17:19:34'),
(599, 'K.ஜெயக்குமார் ஜெயந்தி', '', '', '', 'உறவுமுறை', 'A.அய்யங்கோவில்பட்டி', 'ADMK', 1, 0, 0, 0, 0, 0, 0, '500', 16, 2, '2024-09-16 17:20:49'),
(600, 'SK.அலெக்ஸ்பாண்டி சிவரஞ்சனி', '', '', '', 'உறவுமுறை', 'பாப்பாபட்டி', '', 2, 0, 0, 0, 0, 0, 0, '1000', 16, 2, '2024-09-16 17:21:37'),
(601, 'M.ஜெயச்சந்திரன் சித்ரா', '', '', '', 'உறவுமுறை', 'பாப்பாபட்டி', '', 3, 1, 0, 0, 0, 0, 0, '1700', 16, 2, '2024-09-16 17:22:17'),
(602, 'P.ஆனந்த் நிஷா', '', '', '', 'உறவுமுறை', 'உசிலம்பட்டி', '', 1, 0, 1, 0, 0, 0, 0, '600', 16, 2, '2024-09-16 17:23:06'),
(603, 'A.செல்வகுமார்  சுரேகா', '', '', '', 'உறவுமுறை', 'சென்னை', '', 2, 0, 0, 0, 0, 0, 0, '1000', 16, 2, '2024-09-16 17:23:50'),
(604, ' R.ஸ்டாலின் சிந்துஜா', '', '', '', 'உறவுமுறை', 'பாப்பாபட்டி', '', 1, 0, 0, 0, 0, 0, 0, '500', 16, 2, '2024-09-16 17:24:55'),
(605, 'ராமச்சந்திரன் பிரியா', '', '', '', 'உறவுமுறை', 'குளத்துப்பட்டி', '', 20, 0, 0, 0, 0, 0, 0, '10000', 16, 2, '2024-09-16 17:25:46'),
(606, 'M.விக்னேஷ் தீபநந்தினி', '', '', '', 'உறவுமுறை', 'காரைக்குடி', '', 10, 0, 0, 0, 0, 0, 0, '5000', 16, 2, '2024-09-16 17:26:26'),
(607, 'V.மகேந்திரன் சத்யா', '', '', '', 'உறவுமுறை', 'பாப்பாபட்டி', 'டாஸ்மாக்', 1, 0, 0, 0, 0, 0, 0, '500', 16, 2, '2024-09-16 17:27:18'),
(608, ' P.சதீஸ்குமார் சரண்யா ', '', '', '', 'உறவுமுறை', 'பெரியகுறவகுடி', '', 1, 0, 0, 0, 0, 0, 0, '500', 16, 2, '2024-09-16 17:27:59'),
(609, ' T.பிரபு கவிதா', '', '', '', 'உறவுமுறை', 'பாப்பாபட்டி', '', 1, 0, 0, 0, 0, 0, 0, '500', 16, 2, '2024-09-16 17:28:36'),
(610, 'வண்டிக்கார மொக்கஏத்து', '', '', '', 'உறவுமுறை', 'கல்லூத்து', '', 3, 0, 0, 0, 0, 0, 0, '1500', 16, 2, '2024-09-16 17:29:31'),
(611, ' O.வரிசராஜா லட்சுமி', '', '', '', 'உறவுமுறை', 'பாப்பாபட்டி', '', 3, 0, 0, 0, 0, 0, 0, '1500', 16, 2, '2024-09-16 17:30:18'),
(612, ' P.செந்தில்குமார் மாலதி', '', '', '', 'உறவுமுறை', 'பாப்பாபட்டி', 'TNSTC', 1, 0, 0, 0, 0, 0, 0, '500', 16, 2, '2024-09-16 17:30:55'),
(613, ' P.சக்கரை ஜெயகீதா', '', '', '', 'உறவுமுறை', 'பாப்பாபட்டி', 'SI', 1, 0, 0, 0, 0, 0, 0, '500', 16, 2, '2024-09-16 17:31:44'),
(614, 'M.திலிபன் பாரதி ', '', '', '', 'உறவுமுறை', 'அன்னம்பாரிபட்டி', 'SKV LAB', 2, 0, 0, 0, 0, 0, 0, '1000', 16, 2, '2024-09-16 17:32:27'),
(615, 'R.ஜெகதீசன் மேகலா ', '', '', '', 'உறவுமுறை', 'பாப்பாபட்டி', 'பலசரக்கு கடை', 3, 0, 0, 0, 0, 0, 0, '1500', 16, 2, '2024-09-16 17:33:10'),
(616, ' T.சாக்ரடீஸ்', '', '', '', 'உறவுமுறை', 'பாப்பாபட்டி', '', 1, 0, 0, 0, 0, 0, 0, '500', 16, 2, '2024-09-16 17:33:45'),
(617, 'M.பெரியகருப்பன் மாயஜோதி', '', '', '', 'உறவுமுறை', 'கல்கொண்டம்பட்டி', '', 3, 0, 0, 0, 0, 0, 0, '1500', 16, 2, '2024-09-16 17:34:37'),
(618, 'O.பிரபாகரன் பிரேமா', '', '', '', 'உறவுமுறை', 'பாப்பாபட்டி', '', 1, 0, 0, 0, 0, 0, 0, '500', 16, 2, '2024-09-16 17:35:07'),
(619, ' P.காசிலிங்கம் தீபிகா', '', '', '', 'உறவுமுறை', 'பாப்பாபட்டி', '', 2, 0, 0, 0, 0, 0, 0, '1000', 16, 2, '2024-09-16 17:36:07'),
(620, 'M.இளவரசன் துர்காதேவி', '', '', '', 'உறவுமுறை', 'பாப்பாபட்டி', '', 1, 0, 1, 0, 0, 0, 0, '600', 16, 2, '2024-09-16 17:37:05'),
(621, 'M.பாண்டியன் ஒச்சம்மாள்', '', '', '', 'உறவுமுறை', 'V.காமாட்சிபுரம்', '', 2, 0, 0, 0, 0, 0, 0, '1000', 16, 2, '2024-09-16 17:37:53'),
(622, 'கந்துவட்டி குரும்பன் போதுமணி', '', '', '', 'உறவுமுறை', 'பாப்பாபட்டி', '', 1, 0, 0, 0, 0, 0, 0, '500', 16, 2, '2024-09-16 17:38:39'),
(623, 'சூர்யா நவீனா ', '', '', '', 'உறவுமுறை', 'சின்னக்குறவகுடி', 'PC', 3, 0, 0, 0, 0, 0, 0, '1500', 16, 2, '2024-09-16 17:39:22'),
(624, ' T.ரஞ்சித்குமார் கோகிலா', '', '', '', 'உறவுமுறை', 'மட்டப்பாறை கரட்டூர்', '', 4, 0, 0, 0, 0, 0, 0, '2000', 16, 2, '2024-09-16 17:40:12'),
(625, ' P.ராமையா சுகபதிஜ்', '', '', '', 'உறவுமுறை', 'பாப்பாபட்டி', '', 1, 1, 0, 0, 0, 0, 0, '700', 16, 2, '2024-09-16 17:41:01'),
(626, 'புலித்தேவன் செல்சியா', '', '', '', 'உறவுமுறை', 'கவணம்பட்டி', '', 2, 0, 0, 0, 0, 0, 0, '1000', 16, 2, '2024-09-16 17:42:26'),
(627, 'PN. சிவக்குமார் மாதவி ', '', '', '', 'உறவுமுறை', 'k. நாட்டாபட்டி ', '', 2, 0, 0, 0, 0, 0, 0, '1000', 11, 5, '2024-09-17 04:30:25'),
(628, 'சந்திரன் ', '', '', '', 'உறவுமுறை', 'k.நாட்டாபட்டி ', 'ரேடியோஸ் ', 1, 0, 0, 0, 0, 0, 0, '500', 11, 5, '2024-09-17 04:31:55'),
(629, 'VB. ராஜா பாண்டிசெல்வி ', '', '', '', 'உறவுமுறை', 'உசிலம்பட்டி ', 'டிரைவர் ', 20, 0, 0, 0, 0, 0, 0, '10000', 11, 5, '2024-09-17 04:34:22'),
(630, 'M. பாண்டிதுரை பாண்டியம்மாள் ', '', '', '', 'உறவுமுறை', 'துரைசாமிபுரம்புதூர் ', '', 4, 0, 0, 0, 0, 0, 0, '2000', 11, 5, '2024-09-17 04:36:12'),
(631, 'குணசேகரன் ', '', '', '', 'உறவுமுறை', 'K.நாட்டாபட்டி ', '', 2, 0, 0, 0, 0, 0, 0, '1000', 11, 5, '2024-09-17 04:38:11'),
(632, 'R. ராகவன் ஜெயபிரியா ', '', '', '', 'உறவுமுறை', 'A. கன்னியம்பட்டி ', '', 6, 0, 0, 0, 0, 0, 0, '3000', 11, 5, '2024-09-17 04:39:48'),
(633, 'M.ஜெயபாண்டி தெய்வஜோதி ', '', '', '', 'உறவுமுறை', 'கட்டகருப்பன்பட்டி ', 'ADMK ', 4, 0, 0, 0, 0, 0, 0, '2000', 11, 5, '2024-09-17 04:40:04'),
(634, 'S. இளையராஜா தமிழ்செல்வி ', '', '', '', 'உறவுமுறை', 'சொக்கதேவன்பட்டி ', 'ஆட்டோ ', 2, 0, 0, 0, 0, 0, 0, '1000', 11, 5, '2024-09-17 04:42:05'),
(635, 'P.பாண்டி பாரதி ', '', '', '', 'உறவுமுறை', 'கொங்கபட்டி ', '', 2, 0, 0, 0, 0, 0, 0, '1000', 11, 5, '2024-09-17 04:43:26'),
(636, 'நாகராஜ் தீபா ', '', '', '', 'உறவுமுறை', 'காஞ்சிபுரம் ', '', 4, 0, 0, 0, 0, 0, 0, '2000', 11, 5, '2024-09-17 04:44:24'),
(637, 'சதீஷ் திவ்யா ', '', '', '', 'உறவுமுறை', 'கட்டளைமாயன்பட்டி ', '', 2, 0, 0, 0, 0, 0, 0, '1000', 11, 5, '2024-09-17 04:45:41'),
(638, 'G. பாலமுருகன்   மலர்கொடி ', '', '', '', 'உறவுமுறை', 'சொக்கதேவன்பட்டி ', 'ஆட்டோ ', 2, 0, 0, 0, 0, 0, 0, '1000', 11, 5, '2024-09-17 04:47:12'),
(639, 'M. ஒச்சு அல்லிக்கொடி ', '', '', '', 'உறவுமுறை', 'பெரியகுறவகுடி ', '', 1, 0, 1, 0, 0, 0, 0, '600', 11, 5, '2024-09-17 04:47:15'),
(640, 'P. மலைச்சாமி முத்துலட்சுமி ', '', '', '', 'உறவுமுறை', 'பெரியகுறவகுடி', 'TAYLOR ', 1, 0, 0, 0, 0, 0, 0, '500', 11, 5, '2024-09-17 04:48:53'),
(641, 'S. அலெக்ஸ்குமார் அமுதா ', '', '', '', 'உறவுமுறை', 'பெரியகுறவகுடி', '', 2, 0, 0, 0, 0, 0, 0, '1000', 11, 5, '2024-09-17 04:50:13'),
(642, 'பால்பாண்டி அன்னம் ', '', '', '', 'உறவுமுறை', 'பசுக்காரன்பட்டி ', '', 2, 0, 0, 0, 0, 0, 0, '1000', 11, 5, '2024-09-17 04:53:38'),
(643, 'M. விவேக் ', '', 'கீர்த்தனா ', '', 'உறவுமுறை', 'சொக்கத்தேவன்பட்டி ', '', 2, 0, 0, 0, 0, 0, 0, '1000', 11, 5, '2024-09-17 04:54:14'),
(644, 'P. A முருகன் ', '', 'சிவலட்சுமி ', '', 'உறவுமுறை', 'பெரியகுறவகுடி', '', 1, 0, 1, 0, 0, 0, 0, '600', 11, 5, '2024-09-17 04:57:01'),
(645, 'A. விக்ரம் சுவேதா ', '', '', '', 'உறவுமுறை', 'சின்னகுறவகுடி ', 'பள்ளி கல்வித்துறை ', 1, 0, 0, 0, 0, 0, 0, '500', 11, 5, '2024-09-17 04:57:09'),
(646, 'செல்வம் ஜமுனா ', '', '', '', 'உறவுமுறை', 'சின்னக்குறவகுடி ', 'HI ', 2, 0, 0, 0, 0, 0, 0, '1000', 11, 5, '2024-09-17 04:58:18'),
(647, 'காசி அம்சு ', '', '', '', 'உறவுமுறை', 'சின்னகுறவகுடி ', '', 1, 0, 3, 0, 0, 0, 0, '800', 11, 5, '2024-09-17 04:59:02'),
(648, 'M. A. பிரம்மதேவன் ', '', '', '', 'உறவுமுறை', 'சின்னக்குறவகுடி', 'ஊராட்சி செயளர்', 4, 0, 0, 0, 0, 0, 0, '2000', 11, 5, '2024-09-17 04:59:50'),
(649, 'P. தனிக்கொடி வதனா ', '', '', '', 'உறவுமுறை', 'கொங்கபட்டி ', 'ஒன்றிய கவுன்சிலர் ', 2, 0, 0, 0, 0, 0, 0, '1000', 11, 5, '2024-09-17 05:00:32'),
(650, 'பதிவு ராஜா  மகன் அக்கினி ', '', '', '', 'உறவுமுறை', 'வடுகபட்டி ', '', 11, 0, 0, 0, 0, 0, 0, '5500', 11, 5, '2024-09-17 05:01:35'),
(651, 'முத்துராமன் ', '', 'தர்ஷினி ', '', 'உறவுமுறை', 'முத்தையம்பட்டி ', 'கார் உரிமை ', 4, 0, 0, 0, 0, 0, 0, '2000', 11, 5, '2024-09-17 05:02:14'),
(652, 'P. பிரசாந்த் செல்லராணி ', '', '', '', 'உறவுமுறை', 'வடுகபட்டி ', '', 2, 0, 0, 0, 0, 0, 0, '1000', 11, 5, '2024-09-17 05:03:03'),
(653, 'C.சிவன் மாயக்காள் ', '', '', '', 'உறவுமுறை', 'சின்னகுறவகுடி ', '', 1, 0, 0, 0, 0, 0, 0, '500', 11, 5, '2024-09-17 05:04:38'),
(654, 'S. தனிக்கொடி சுகுணா ', '', '', '', 'உறவுமுறை', 'பெரியகுறவகுடி', '', 4, 0, 0, 0, 0, 0, 0, '2000', 11, 5, '2024-09-17 05:07:07'),
(655, 'கதிர்வேல் ', '', '', '', 'உறவுமுறை', 'சின்னக்குறவகுடி ', 'கோழிகடை ', 1, 0, 1, 0, 0, 0, 0, '600', 11, 5, '2024-09-17 05:07:43'),
(656, 'A. சதிஷ்குமார் சிவரஞ்சனி ', '', '', '', 'உறவுமுறை', 'சடச்சிபட்டி', '', 2, 0, 0, 0, 0, 0, 0, '1000', 11, 5, '2024-09-17 05:07:59'),
(657, 'P. தர்மர் ஜோதி ', '', '', '', 'உறவுமுறை', 'வடுகபட்டி ', '', 4, 0, 0, 0, 0, 0, 0, '2000', 11, 5, '2024-09-17 05:08:42'),
(658, 'A. மூவேந்திரன் தேவகனி ', '', '', '', 'உறவுமுறை', 'பெரியகுறவகுடி', '', 2, 0, 0, 0, 0, 0, 0, '1000', 11, 5, '2024-09-17 05:09:44'),
(659, 'P. சகாதேவன் ', '', 'செல்வி ', '', 'உறவுமுறை', 'வடுகபட்டி ', '', 4, 0, 0, 0, 0, 0, 0, '2000', 11, 5, '2024-09-17 05:10:23'),
(660, 'J. அன்பழகன் சாந்தி ', '', '', '', 'உறவுமுறை', 'பெரியகுறவகுடி', '', 2, 0, 0, 0, 0, 0, 0, '1000', 11, 5, '2024-09-17 05:10:39'),
(661, 'அறிவு விக்னேஷ் ', '', 'திவ்யா ', '', 'உறவுமுறை', 'சக்கிலியங்குளம் ', 'TNSTC ', 2, 0, 0, 0, 0, 0, 0, '1000', 11, 5, '2024-09-17 05:11:51'),
(662, 'S. குபேந்திரன் மலர்மணி ', '', '', '', 'உறவுமுறை', 'சக்கிலியங்குளம் இருப்பு ஆந்திரா ', '', 1, 0, 0, 0, 0, 0, 0, '500', 11, 5, '2024-09-17 05:13:21'),
(663, 'P. முருகேசன் அகிலா ', '', '', '', 'உறவுமுறை', 'வடுகபட்டி ', '', 3, 0, 0, 0, 0, 0, 0, '1500', 11, 5, '2024-09-17 05:14:03'),
(664, 'தினேஷ்குமார் ', '', 'பிச்சையம்மாள் ', '', 'உறவுமுறை', 'வின்னகுடி ஒத்தவீடு ', 'PC', 3, 0, 0, 0, 0, 0, 0, '1500', 11, 5, '2024-09-17 05:14:25'),
(665, 'கோபி ஜெயலட்சுமி ', '', '', '', 'உறவுமுறை', 'வடுகபட்டி ', '', 12, 0, 0, 0, 0, 0, 0, '6000', 11, 5, '2024-09-17 05:15:03'),
(666, 'A. செல்வம் வைரமணி ', '', '', '', 'உறவுமுறை', 'வடுகபட்டி ', '', 2, 0, 0, 0, 0, 0, 0, '1000', 11, 5, '2024-09-17 05:16:05'),
(667, 'S. ரமேஷ் பிரியங்கா ', '', '', '', 'உறவுமுறை', 'வடுகபட்டி ', '', 1, 0, 0, 0, 0, 0, 0, '500', 11, 5, '2024-09-17 05:16:40'),
(668, 'A. அக்கினி சாந்தி ', '', '', '', 'உறவுமுறை', 'வடுகபட்டி ', '', 1, 0, 1, 0, 0, 0, 0, '600', 11, 5, '2024-09-17 05:17:23'),
(669, 'LS. சந்தானம் சிவமாலா ', '', '', '', 'உறவுமுறை', 'அய்யனார்குளம் ', '', 3, 0, 0, 0, 0, 0, 0, '1500', 11, 5, '2024-09-17 05:18:20'),
(670, 'G. அஜய் ', '', '', '', 'உறவுமுறை', 'பொட்டுலுபட்டி ', 'நிஷாந்தி ', 2, 0, 0, 0, 0, 0, 0, '1000', 11, 5, '2024-09-17 05:18:28'),
(671, 'D. சிவபாண்டி ஜான்சிராணி ', '', '', '', 'உறவுமுறை', 'சின்னக்குறவகுடி ', '', 4, 0, 0, 0, 0, 0, 0, '2000', 11, 5, '2024-09-17 05:18:58'),
(672, 'DR ஜீவா ', '', '', '', 'உறவுமுறை', 'k.நாட்டாபட்டி ', 'ஜான்சன் கிளினிக் ', 2, 0, 0, 0, 0, 0, 0, '1000', 11, 5, '2024-09-17 05:19:49'),
(673, 'P. பாலதண்டபாணி தமிழ்செல்வி ', '', '', '', 'உறவுமுறை', 'K. நாட்டாபட்டி ', 'ex ஊராட்சிமன்ற தலைவர் ', 10, 0, 0, 0, 0, 0, 0, '5000', 11, 5, '2024-09-17 05:21:55'),
(674, 'A. தங்கம் ', '', '', '', 'உறவுமுறை', 'வாலாந்தூர் ', 'கேரளா ', 24, 0, 0, 0, 0, 0, 0, '12000', 11, 5, '2024-09-17 05:21:56'),
(675, 'பால்ராஜ் ஒச்சம்மாள் ', '', '', '', 'உறவுமுறை', 'கல்கொண்டம்பட்டி ', '', 2, 0, 1, 0, 0, 0, 0, '1100', 11, 5, '2024-09-17 05:22:53'),
(676, 'குபேந்திரன் தனம் ', '', '', '', 'உறவுமுறை', 'ஒய்யண்டாபட்டி ', '', 2, 0, 0, 0, 0, 0, 0, '1000', 11, 5, '2024-09-17 05:24:18'),
(677, 'K. முருகன் அன்னலட்சுமி ', '', '', '', 'உறவுமுறை', 'வின்னகுடி பாண்டியன் நகர் ', 'TNSTC', 2, 0, 0, 0, 0, 0, 0, '1000', 11, 5, '2024-09-17 05:25:10'),
(678, 'P. அம்மாவாசி ஜெயா ', '', '', '', 'உறவுமுறை', 'வின்னகுடி பாண்டியன் நகர் ', '', 3, 0, 0, 0, 0, 0, 0, '1500', 11, 5, '2024-09-17 05:26:18'),
(679, 'M. முருகன் ', '', 'சுமதி ', '', 'உறவுமுறை', 'பசுக்காரன்பட்டி ', 'பிட்டர் ', 1, 0, 1, 0, 0, 0, 0, '600', 11, 5, '2024-09-17 05:26:59'),
(680, 'A. சின்னன் முத்துலட்சுமி ', '', '', '', 'உறவுமுறை', 'வின்னகுடி பாண்டியன் நகர் ', '', 2, 0, 0, 0, 0, 0, 0, '1000', 11, 5, '2024-09-17 05:27:39'),
(681, 'செல்வம் தமிழ்செல்வி ', '', '', '', 'உறவுமுறை', 'பெரியகுறவகுடி', '', 2, 0, 0, 0, 0, 0, 0, '1000', 11, 5, '2024-09-17 05:28:20'),
(682, 'A. பாண்டி பாக்கியலட்சுமி ', '', '', '', 'உறவுமுறை', 'பெரியகுறவகுடி', '', 1, 0, 0, 0, 0, 0, 0, '500', 11, 5, '2024-09-17 05:29:21'),
(683, 'சுந்தரம் ', '', 'ராமுத்தாய் ', '', 'உறவுமுறை', 'பெரியகுறவகுடி', '', 0, 5, 0, 0, 0, 0, 0, '1000', 11, 5, '2024-09-17 05:29:40'),
(684, 'S. தங்கமாயன் ஒச்சாயி ', '', '', '', 'உறவுமுறை', 'அய்யனார்குளம் ', '', 14, 0, 0, 0, 0, 0, 0, '7000', 11, 5, '2024-09-17 05:30:20'),
(685, 'A. சின்னன் பாண்டியம்மாள் ', '', '', '', 'உறவுமுறை', 'அய்யனார்குளம் ', 'TNSTC', 3, 1, 0, 0, 0, 0, 0, '1700', 11, 5, '2024-09-17 05:31:31'),
(686, 'KVK. அக்கினி தேவி ', '', '', '', 'உறவுமுறை', 'வடுகபட்டி ', '', 3, 0, 0, 0, 0, 0, 0, '1500', 11, 5, '2024-09-17 05:32:44'),
(687, 'P. வயக்காட்டுசாமி ', '', 'பாண்டியம்மாள் ', '', 'உறவுமுறை', 'செகக்கானூரனி ', 'முந்திரிபொட்டு வியாபாரம் ', 1, 0, 0, 0, 0, 0, 0, '500', 11, 5, '2024-09-17 05:32:45'),
(689, 'C.நவநீத கிருஷ்ணன் பபினா ', '', '', '', 'உறவுமுறை', 'A. கன்னியம்பட்டி ', 'COURT STAFF ', 4, 0, 0, 0, 0, 0, 0, '2000', 11, 5, '2024-09-17 05:35:29'),
(690, 'C. ராமர் ரம்யா ', '', '', '', 'உறவுமுறை', 'A. கன்னியம்பட்டி ', '', 2, 0, 0, 0, 0, 0, 0, '1000', 11, 5, '2024-09-17 05:36:42'),
(691, 'V. சதிஷ்குமார் அனிதா ', '', '', '', 'உறவுமுறை', 'வையம்பட்டி ', '', 11, 0, 0, 0, 0, 0, 0, '5500', 11, 5, '2024-09-17 05:37:44'),
(692, 'V. ராஜேஷ் நதியா ', '', '', '', 'உறவுமுறை', 'வையம்பட்டி ', '', 10, 0, 0, 0, 0, 0, 0, '5000', 11, 5, '2024-09-17 05:38:25'),
(693, 'J. பாண்டி ', '', 'பவித்ரா ', '', 'உறவுமுறை', 'வடுகபட்டி ', 'சமயல் மாஸ்டர் ', 1, 0, 0, 0, 0, 0, 0, '500', 11, 5, '2024-09-17 05:38:55'),
(694, 'M. முருகன் சசிக்கலா ', '', '', '', 'உறவுமுறை', 'பாப்பாபட்டி', 'முன்னாள் ராணுவம் ', 2, 0, 0, 0, 0, 0, 0, '1000', 11, 5, '2024-09-17 05:39:30'),
(695, 'K. செல்லபாண்டி மகேஸ்வரி ', '', '', '', 'உறவுமுறை', 'K. நாட்டாபட்டி ', 'கிரில் ஒர்க்ஸ் ', 2, 0, 0, 0, 0, 0, 0, '1000', 11, 5, '2024-09-17 05:40:44'),
(696, 'K. ஜெயபாண்டி பாண்டிலட்சுமி ', '', '', '', 'உறவுமுறை', 'K. நாட்டாபட்டி ', 'கிரில் ஒர்க்ஸ் ', 1, 0, 1, 0, 0, 0, 0, '600', 11, 5, '2024-09-17 05:42:15'),
(697, 'C. பால்பாண்டி PWD', '', 'வித்யா ', '', 'உறவுமுறை', 'K. நாட்டாபட்டி  கோட்ரஷ் ', '', 11, 0, 0, 0, 0, 0, 0, '5500', 11, 5, '2024-09-17 05:42:32'),
(698, 'A. இந்திரபாண்டி ஜெனகைமாரி ', '', '', '', 'உறவுமுறை', 'கட்டகருப்பன்பட்டி ', '', 2, 0, 0, 0, 0, 0, 0, '1000', 11, 5, '2024-09-17 05:43:15'),
(699, 'AR. பாரதி பாண்டிசெல்வி ', '', '', '', 'உறவுமுறை', 'K. நாட்டாபட்டி ', '', 1, 1, 0, 0, 0, 0, 0, '700', 11, 5, '2024-09-17 05:44:20'),
(700, 'C. சுதாகரன் ', '', '', '', 'உறவுமுறை', 'அய்யனார்குளம் ', 'DMK ஒன்றிய செயலாளர் ', 2, 0, 0, 0, 0, 0, 0, '1000', 11, 5, '2024-09-17 05:45:57'),
(701, 'நாகேந்திரன் ', '', 'பாண்டிசெல்வி ', '', 'உறவுமுறை', 'K. நாட்டாபட்டி ', '', 4, 0, 0, 0, 0, 0, 0, '2000', 11, 5, '2024-09-17 05:46:11'),
(703, 'R. ராமகிருஷ்ணன் ', '', 'பாண்டியம்மாள் ', '', 'உறவுமுறை', 'பெரியகுறவகுடி', 'EX ஊ ம தலைவர் ', 2, 0, 0, 0, 0, 0, 0, '1000', 11, 5, '2024-09-17 05:48:53'),
(704, 'P. தெய்வேந்திரன் ராமலட்சுமி ', '', '', '', 'உறவுமுறை', 'வடுகபட்டி ', '', 10, 0, 0, 0, 0, 0, 0, '5000', 11, 5, '2024-09-17 05:48:57'),
(705, 'தேவர் மகன் முருகன் ', '', '', '', 'உறவுமுறை', 'A. கன்னியம்பட்டி ', '', 4, 0, 0, 0, 0, 0, 0, '2000', 11, 5, '2024-09-17 05:50:23'),
(706, 'G.மகாராஜன் ', '', 'செல்லத்தாய் ', '', 'உறவுமுறை', 'பெரியகுறவகுடி', '', 0, 1, 1, 0, 0, 0, 0, '300', 11, 5, '2024-09-17 05:51:15'),
(707, 'S. பவர்சிங் சுகந்தி ', '', '', '', 'உறவுமுறை', 'கருக்கட்டான்பட்டி ', 'UCMS ', 14, 0, 0, 0, 0, 0, 0, '7000', 11, 5, '2024-09-17 05:51:41'),
(708, 'P. பெரியசாமி வளர்மதி ', '', '', '', 'உறவுமுறை', 'பொட்டுலுபட்டி ', '', 2, 0, 0, 0, 0, 0, 0, '1000', 11, 5, '2024-09-17 05:52:44'),
(709, 'I கிருஷ்ணமூர்த்தி ', '', 'பசுபதி ', '', 'உறவுமுறை', 'E. புதுபட்டி ', 'EX ARMY', 10, 0, 0, 0, 0, 0, 0, '5000', 11, 5, '2024-09-17 05:53:42'),
(710, 'ஒச்சாதேவன் கருப்பாயி மகன் செல்வேந்திரன் ', '', '', '', 'உறவுமுறை', 'சின்னக்குறவகுடி ', 'பலரசக்கு கடை ', 2, 0, 0, 0, 0, 0, 0, '1000', 11, 5, '2024-09-17 05:54:16'),
(711, 'P. சசிகுமார் சரண்யா ', '', '', '', 'உறவுமுறை', 'வின்னகுடி ', '', 4, 0, 0, 0, 0, 0, 0, '2000', 11, 5, '2024-09-17 05:55:07'),
(712, 'L. மகாராஜன் மகன் தங்கபாண்டி நிகிதா ', '', '', '', 'உறவுமுறை', 'சடச்சிபட்டி', '', 4, 0, 0, 0, 0, 0, 0, '2000', 11, 5, '2024-09-17 05:56:46'),
(713, 'வைரமுத்து ', '', 'பிரதீபா ', '', 'உறவுமுறை', 'பாறைப்பட்டி ', 'PC', 1, 0, 1, 0, 0, 0, 0, '600', 11, 5, '2024-09-17 05:56:53'),
(714, 'AJ. சசிக்குமார் கிருஷ்ணவேணி ', '', '', '', 'உறவுமுறை', 'நாச்சியார்புரம் ', 'சடச்சிபட்டி ஹோட்டல் ', 6, 0, 0, 0, 0, 0, 0, '3000', 11, 5, '2024-09-17 05:58:32'),
(715, 'V. அர்ஜுனன் TNSTC ', '', '', '', 'உறவுமுறை', 'சக்கிலியங்குளம் ', '', 4, 0, 0, 0, 0, 0, 0, '2000', 11, 5, '2024-09-17 05:59:23'),
(716, 'மனோகரபாண்டி ', '', 'சத்யா ', '', 'உறவுமுறை', 'V.காமச்சிபுரம் ', '', 1, 0, 0, 0, 0, 0, 0, '500', 11, 5, '2024-09-17 06:00:16'),
(717, 'வெள்ளைசாமி ஐஸ்வர்யா ', '', '', '', 'உறவுமுறை', 'வடுகபட்டி ', 'பலசரக்கு கடை ', 6, 0, 0, 0, 0, 0, 0, '3000', 11, 5, '2024-09-17 06:00:17'),
(718, 'அக்கினி அன்னக்கொடி ', '', '', '', 'உறவுமுறை', 'வடுகபட்டி ', 'ex ஊராட்சிமன்ற தலைவர் ', 1, 0, 0, 0, 0, 0, 0, '500', 11, 5, '2024-09-17 06:01:34'),
(719, 'K. இளையராஜா சுகந்திரா தேவி ', '', '', '', 'உறவுமுறை', 'வடுகபட்டி ', '', 1, 0, 1, 0, 0, 0, 0, '600', 11, 5, '2024-09-17 06:03:01'),
(720, 'P. ஜெயம் சத்யா ', '', '', '', 'உறவுமுறை', 'சின்னகுறவகுடி இருப்பு கோவை ', '', 2, 0, 0, 0, 0, 0, 0, '1000', 11, 5, '2024-09-17 06:05:44'),
(721, 'P. செல்வகணேசன் ', '', 'ஜெமினி ', '', 'உறவுமுறை', 'சின்னக்குறவகுடி ', '', 1, 0, 0, 0, 0, 0, 0, '500', 11, 5, '2024-09-17 06:06:11'),
(722, 'P. இன்பராஜ் சர்மிளா தேவி ', '', '', '', 'உறவுமுறை', 'சின்னகுறவகுடி ', '', 1, 0, 0, 0, 0, 0, 0, '500', 11, 5, '2024-09-17 06:06:39'),
(723, 'O. இளங்கோவன் மஞ்சுளா ', '', '', '', 'உறவுமுறை', 'சடச்சிபட்டி', '', 2, 0, 0, 0, 0, 0, 0, '1000', 11, 5, '2024-09-17 06:07:52'),
(724, 'M. ரஞ்சித்குமார் ', '', 'நித்யா ', '', 'உறவுமுறை', 'சடச்சிபட்டி ', '', 3, 0, 0, 0, 0, 0, 0, '1500', 11, 5, '2024-09-17 06:08:44'),
(725, 'அழகர்சாமி ராசாத்தி ', '', '', '', 'உறவுமுறை', 'மதுரை ', '', 1, 0, 1, 0, 0, 0, 0, '600', 11, 5, '2024-09-17 06:08:44'),
(726, 'கர்ணன் செல்வி ', '', '', '', 'உறவுமுறை', 'பெரியகுறவகுடி', '', 0, 0, 3, 0, 0, 0, 0, '300', 11, 5, '2024-09-17 06:09:35'),
(727, 'சந்தனம் ', '', 'செல்வக்கனி ', '', 'உறவுமுறை', 'அய்யனார்குளம் ', '', 2, 0, 0, 0, 0, 0, 0, '1000', 11, 5, '2024-09-17 06:10:22'),
(728, 'S. செந்தில் ', '', '', '', 'உறவுமுறை', 'K. நாட்டாபட்டி ', 'ELECTRICIAN ', 4, 0, 0, 0, 0, 0, 0, '2000', 11, 5, '2024-09-17 06:10:49'),
(729, 'சேகர் விஜயலட்சுமி ', '', '', '', 'உறவுமுறை', 'K. நாட்டாபட்டி ', 'ஆட்டோ ', 2, 0, 0, 0, 0, 0, 0, '1000', 11, 5, '2024-09-17 06:11:45'),
(730, 'R.சுப்புராஜ் ', '', 'சுசீலா ', '', 'உறவுமுறை', 'தங்களாச்சேரி  ', '', 1, 0, 0, 0, 0, 0, 0, '500', 11, 5, '2024-09-17 06:15:46'),
(731, 'A. செல்வராஜ் செல்வி ', '', '', '', 'உறவுமுறை', 'உசிலை மாருதி நகர் ', '', 4, 0, 0, 0, 0, 0, 0, '2000', 11, 5, '2024-09-17 06:17:53'),
(732, 'A. கணேசன் அங்கிஸ் ', '', '', '', 'உறவுமுறை', 'உசிலை மாருதி நகர் ', 'ராஜா DRIVING SCHOOL ', 1, 0, 0, 0, 0, 0, 0, '500', 11, 5, '2024-09-17 06:20:07');
INSERT INTO `mrg` (`id`, `name`, `profession1`, `spouse_name`, `contactNumber`, `relative_name`, `place`, `profession`, `fivehundred`, `twohundred`, `hundred`, `fiftyrupees`, `twentyrupees`, `tenrupee`, `onerupee`, `amount`, `user_id`, `festival_id`, `created_at`) VALUES
(733, 'VKC. கோடாங்கி சரஸ்வதி ', '', '', '', 'உறவுமுறை', 'A. கன்னியம்பட்டி ', '', 1, 0, 0, 0, 0, 0, 0, '500', 11, 5, '2024-09-17 06:21:28'),
(734, 'D.மலைச்சாமி ', '', 'அழகுராணி ', '', 'உறவுமுறை', 'A.கன்னியம்பட்டி ', 'டிராக்டர் ', 1, 0, 0, 0, 0, 0, 0, '500', 11, 5, '2024-09-17 06:22:06'),
(735, 'S. அக்கினி ஜீவிதா ', '', '', '', 'உறவுமுறை', 'வடுகபட்டி ', '', 1, 0, 0, 0, 0, 0, 0, '500', 11, 5, '2024-09-17 06:22:10'),
(736, 'N. பிரேம்குமார் ஆர்த்தி ', '', '', '', 'உறவுமுறை', 'சடச்சிபட்டி', 'ARMY ', 1, 0, 0, 0, 0, 0, 0, '500', 11, 5, '2024-09-17 06:23:10'),
(737, 'P. பாண்டி தனலட்சுமி ', '', '', '', 'உறவுமுறை', 'ஒய்யண்டாபட்டி ', 'TNSTC ', 2, 0, 0, 0, 0, 0, 0, '1000', 11, 5, '2024-09-17 06:24:09'),
(738, 'சின்னபாண்டி ', '', 'நிஷா ', '', 'உறவுமுறை', 'சடச்சிபட்டி ', 'ARMY', 2, 0, 0, 0, 0, 0, 0, '1000', 11, 5, '2024-09-17 06:24:16'),
(739, 'K. சிவனாகரன் சுலோச்சனா ', '', '', '', 'உறவுமுறை', 'சின்னகுறவகுடி ', 'கிளெர்க் ', 2, 0, 0, 0, 0, 0, 0, '1000', 11, 5, '2024-09-17 06:25:12'),
(740, 'S. பழனி வசந்தி ', '', '', '', 'உறவுமுறை', 'ஒய்யண்டாபட்டி ', '', 1, 0, 0, 0, 0, 0, 0, '500', 11, 5, '2024-09-17 06:25:55'),
(741, 'C.M நாகேந்திரன் ', '', '', '', 'உறவுமுறை', 'ஓய்யாண்டாபட்டி ', '', 1, 0, 0, 0, 0, 0, 0, '500', 11, 5, '2024-09-17 06:27:02'),
(742, 'R. முருகன் அம்சவல்லி ', '', '', '', 'உறவுமுறை', 'சங்கம்பட்டி ', 'K551 நாட்டாபட்டி சேல்ஸ்மேன் ', 2, 0, 0, 0, 0, 0, 0, '1000', 11, 5, '2024-09-17 06:29:09'),
(743, 'A. கார்த்திக் சந்தியா ', '', '', '', 'உறவுமுறை', 'வாலாந்தூர் பசும்பொன்நகர் ', 'ஆசிரியர் ', 2, 0, 0, 0, 0, 0, 0, '1000', 11, 5, '2024-09-17 06:30:19'),
(744, 'M. சுரேஷ் சுமதி ', '', '', '', 'உறவுமுறை', 'அய்யனார்குளம் ', '', 3, 0, 0, 0, 0, 0, 0, '1500', 11, 5, '2024-09-17 06:31:25'),
(745, 'G. ஜெயராமன் பரமேஸ்வரி ', '', '', '', 'உறவுமுறை', 'குமரன்பட்டி ', '', 2, 0, 0, 0, 0, 0, 0, '1000', 11, 5, '2024-09-17 06:32:18'),
(746, 'தனமோகன் வேல்மணி ', '', '', '', 'உறவுமுறை', 'பெரியகுறவகுடி', 'TAYLOR ', 1, 0, 0, 0, 0, 0, 0, '500', 11, 5, '2024-09-17 06:33:20'),
(747, 'முருகன் இந்துராணி ', '', '', '', 'உறவுமுறை', 'பெரியகுறவகுடி', 'ஆசாரி ', 2, 0, 0, 0, 0, 0, 0, '1000', 11, 5, '2024-09-17 06:34:20'),
(748, 'S. வினோத்குமார் ரஞ்சனி ', '', '', '', 'உறவுமுறை', 'தி. விளக்கு ', '', 4, 0, 0, 0, 0, 0, 0, '2000', 11, 5, '2024-09-17 06:35:35'),
(749, 'R. பிரசன்னா தேசினி ', '', '', '', 'உறவுமுறை', 'வடுகபட்டி ', '', 10, 0, 0, 0, 0, 0, 0, '5000', 11, 5, '2024-09-17 06:38:05'),
(750, 'M. முருகன் கனியம்மாள் ', '', '', '', 'உறவுமுறை', 'ஒய்யண்டாபட்டி ', '', 1, 0, 0, 0, 0, 0, 0, '500', 11, 5, '2024-09-17 06:38:59'),
(751, 'M. ஹரிராம் சௌந்தர்யா ', '', '', '', 'உறவுமுறை', 'மீனாங்கன்னிபட்டி ', '', 5, 0, 0, 0, 0, 0, 0, '2500', 11, 5, '2024-09-17 06:40:03'),
(752, 'R. நடேஷ்குமார் சபிதா ', '', '', '', 'உறவுமுறை', 'கண்ணாபட்டி ', '', 3, 0, 1, 0, 0, 0, 0, '1600', 11, 5, '2024-09-17 06:41:03'),
(753, 'R. முத்துகுமார் ஆஷா ', '', '', '', 'உறவுமுறை', 'கண்ணாபட்டி ', '', 6, 0, 0, 0, 0, 0, 0, '3000', 11, 5, '2024-09-17 06:41:48'),
(754, 'R. முத்துராமன் ரதிதேவி ', '', '', '', 'உறவுமுறை', 'கண்ணாபட்டி ', '', 12, 0, 0, 0, 0, 0, 0, '6000', 11, 5, '2024-09-17 06:42:35'),
(755, 'P. இன்பராஜ் பிரேமா ', '', '', '', 'உறவுமுறை', 'ஒய்யண்டாபட்டி இருப்பு கொங்கபட்டி ', 'உரக்கடை ', 4, 0, 0, 0, 0, 0, 0, '2000', 11, 5, '2024-09-17 06:43:56'),
(756, 'D.சிவமணி ', '', '', '', 'உறவுமுறை', 'K. நாட்டாபட்டி ', 'ரைஸ்மில் ', 1, 0, 0, 0, 0, 0, 0, '500', 11, 5, '2024-09-17 06:44:07'),
(757, 'C. மதியழகன் தீபா ', '', '', '', 'உறவுமுறை', 'A. கன்னியம்பட்டி ', '', 14, 0, 0, 0, 0, 0, 0, '7000', 11, 5, '2024-09-17 06:44:51'),
(758, 'இளஞ்செழியன் தமிழ் இலக்கியா ', '', '', '', 'உறவுமுறை', 'பள்ளபட்டி ', '', 2, 0, 0, 0, 0, 0, 0, '1000', 11, 5, '2024-09-17 06:45:50'),
(759, 'R. பிரபாகரன் ரம்யா ', '', '', '', 'உறவுமுறை', 'மதுரை ராமன்பேட்டை கரிமேடு  ', '', 1, 0, 0, 0, 0, 0, 0, '500', 11, 5, '2024-09-17 06:48:42'),
(760, 'மொக்கராஜ் ', '', 'முரசொலி ', '', 'உறவுமுறை', 'பொட்டுலுபட்டி ', '', 2, 0, 0, 0, 0, 0, 0, '1000', 11, 5, '2024-09-17 06:49:22'),
(761, 'பொன் ஆதிசேடன் ', '', '', '', 'உறவுமுறை', 'பொட்டுலுபட்டி ', 'மேற்கு மாவட்டதலைவர் பொட்டுலுபட்டி ', 2, 0, 0, 0, 0, 0, 0, '1000', 11, 5, '2024-09-17 06:50:17'),
(762, 'M. மகாலிங்கம் உமாதேவி ', '', '', '', 'உறவுமுறை', 'A. கன்னியம்பட்டி ', '', 10, 0, 0, 0, 0, 0, 0, '5000', 11, 5, '2024-09-17 06:51:37'),
(763, 'P. ஜெயபால் சௌதாமணி ', '', '', '', 'உறவுமுறை', 'A. கன்னியம்பட்டி ', '', 4, 0, 0, 0, 0, 0, 0, '2000', 11, 5, '2024-09-17 06:52:52'),
(764, 'P.முத்துக்குமார் ', '', 'பாண்டியம்மாள் ', '', 'உறவுமுறை', 'A. கன்னியம்பட்டி ', '', 2, 0, 0, 0, 0, 0, 0, '1000', 11, 5, '2024-09-17 06:54:06'),
(765, 'VP. பாண்டி மலர் ', '', '', '', 'உறவுமுறை', 'A. கன்னியம்பட்டி ', '', 2, 0, 0, 0, 0, 0, 0, '1000', 11, 5, '2024-09-17 06:54:28'),
(766, 'L. ரஞ்சித்குமார் வினிதா ', '', '', '', 'உறவுமுறை', 'A. கன்னியம்பட்டி ', '', 2, 0, 0, 0, 0, 0, 0, '1000', 11, 5, '2024-09-17 06:55:23'),
(767, 'P. ஜெயபிரகாஷ் ', '', '', '', 'உறவுமுறை', 'சடச்சிபட்டி', 'ஆசிரியர் ', 12, 0, 0, 0, 0, 0, 0, '6000', 11, 5, '2024-09-17 06:56:20'),
(768, 'K. மார்க்கண்டன் கலைச்செல்வி ', '', '', '', 'உறவுமுறை', 'சடச்சிபட்டி', '', 10, 0, 0, 0, 0, 0, 0, '5000', 11, 5, '2024-09-17 06:57:03'),
(769, 'M. விக்னேஸ்வரன் பிரபாவதி ', '', '', '', 'உறவுமுறை', 'சடச்சிபட்டி', '', 10, 0, 0, 0, 0, 0, 0, '5000', 11, 5, '2024-09-17 06:58:20'),
(770, 'K. பாண்டியராஜன் பிரமோகினி ', '', '', '', 'உறவுமுறை', 'வாடிப்பட்டி எல்லையூர் ', '', 12, 0, 0, 0, 0, 0, 0, '6000', 11, 5, '2024-09-17 07:00:15'),
(771, 'P. காசிராஜா சௌந்தரி ', '', '', '', 'உறவுமுறை', 'செக்கானூரணி ', 'கூட்டுறவு ', 2, 0, 0, 0, 0, 0, 0, '1000', 11, 5, '2024-09-17 07:01:28'),
(772, 'S.பிரகாஷம் ', '', 'கனிதா ', '', 'உறவுமுறை', 'சின்னக்குறவகுடி ', 'ஆசிரியர் ', 1, 0, 0, 0, 0, 0, 0, '500', 11, 5, '2024-09-17 07:02:19'),
(773, 'LS. பிரகலாதன் அனிதா ', '', '', '', 'உறவுமுறை', 'அய்யனார்குளம் ', 'ஊராட்சி மன்ற தலைவர் ', 4, 0, 0, 0, 0, 0, 0, '2000', 11, 5, '2024-09-17 07:03:52'),
(774, 'K. பாண்டியராஜன் பிரியா', '', '', '', 'உறவுமுறை', 'கட்டக்கருப்பன்பட்டி ', 'ஊராட்சி மன்ற தலைவர் ', 2, 0, 0, 0, 0, 0, 0, '1000', 11, 5, '2024-09-17 07:05:05'),
(775, 'S. P. கல்யாணி ', '', 'இந்துமதி ', '', 'உறவுமுறை', 'குப்பணம்பட்டி ', 'விஜினா லாரி உரிமை ', 2, 0, 0, 0, 0, 0, 0, '1000', 11, 5, '2024-09-17 07:05:30'),
(776, 'வீரபாண்டி மீனாட்சி ', '', '', '', 'உறவுமுறை', 'வடுகபட்டி ', '', 0, 0, 1, 0, 0, 0, 0, '100', 11, 5, '2024-09-17 07:06:08'),
(777, 'நமகோடி காமாயி ', '', '', '', 'உறவுமுறை', 'கட்டத்தேவன்பட்டி ', '', 4, 0, 0, 0, 0, 0, 0, '2000', 11, 5, '2024-09-17 07:07:21'),
(778, 'தங்கராமன் ஜெயபாரதி ', '', '', '', 'உறவுமுறை', 'கட்டதேவன்பட்டி ', '', 4, 0, 0, 0, 0, 0, 0, '2000', 11, 5, '2024-09-17 07:08:25'),
(779, 'O. செல்லபாண்டி செல்வி ', '', '', '', 'உறவுமுறை', 'சின்னக்குறவகுடி ', 'TNSTC ', 1, 0, 1, 0, 0, 0, 0, '600', 11, 5, '2024-09-17 07:10:09'),
(780, 'M. தோப்புச்சாமி ', '', '', '', 'உறவுமுறை', 'சின்னக்குறவகுடி ', 'VAO', 1, 1, 0, 0, 0, 0, 0, '700', 11, 5, '2024-09-17 07:10:14'),
(781, 'K. ஜெயவீரணன் நாகேஸ்வரி ', '', '', '', 'உறவுமுறை', 'சடச்சிபட்டி', '', 2, 0, 0, 0, 0, 0, 0, '1000', 11, 5, '2024-09-17 07:12:26'),
(782, 'S. செல்வம் கயல்விழி ', '', '', '', 'உறவுமுறை', 'தும்மக்குண்டு ', '', 1, 0, 1, 0, 0, 0, 0, '600', 11, 5, '2024-09-17 07:14:31'),
(783, 'P. சந்தனம் ', '', 'செல்லக்கிளி ', '', 'உறவுமுறை', 'கொப்பிலிபட்டி ', 'நெல் அறுவடை இயந்திரம் ', 4, 0, 0, 0, 0, 0, 0, '2000', 11, 5, '2024-09-17 07:14:55'),
(784, 'O. தங்கபாண்டி ரஞ்சிதம் ', '', '', '', 'உறவுமுறை', 'அம்பட்டையம்பட்டி ', 'PC ', 4, 0, 0, 0, 0, 0, 0, '2000', 11, 5, '2024-09-17 07:16:32'),
(785, 'கபி காசிமாயன் நர்மதா ', '', '', '', 'உறவுமுறை', 'தேன்கல்பட்டி ', 'ஊராட்சி மன்ற தலைவர் ', 3, 0, 0, 0, 0, 0, 0, '1500', 11, 5, '2024-09-17 07:18:30'),
(786, 'T. அம்மாவாசி லட்சுமி ', '', '', '', 'உறவுமுறை', 'ஒய்யண்டாபட்டி ', 'லட்சுமி டிரேடர்ஸ்', 6, 0, 0, 0, 0, 0, 0, '3000', 11, 5, '2024-09-17 07:19:22'),
(787, 'v. கார்த்திக் ', '', 'சரண்யா ', '', 'உறவுமுறை', 'கல்கொண்டம்பட்டி ', '', 10, 0, 0, 0, 0, 0, 0, '5000', 11, 5, '2024-09-17 07:19:57'),
(788, 'ரஞ்சித் சத்யா ', '', '', '', 'உறவுமுறை', 'வடுகபட்டி ', '', 40, 0, 0, 0, 0, 0, 0, '20000', 11, 5, '2024-09-17 07:20:12'),
(789, 'சௌந்திரபாண்டி ', '', 'ஜெயா ', '', 'உறவுமுறை', 'உசிலம்பட்டி ', '', 1, 0, 1, 0, 0, 0, 0, '600', 11, 5, '2024-09-17 07:23:16'),
(790, 'S. மாயன் வினிதா ', '', '', '', 'உறவுமுறை', 'கட்ட்டகருப்பன்பட்டி ', '', 20, 0, 0, 0, 0, 0, 0, '10000', 11, 5, '2024-09-17 07:24:13'),
(791, 'J. வினோத்குமார் சுபத்ரா ', '', '', '', 'உறவுமுறை', 'வாலாந்தூர் ', 'உடற்கல்வி இயக்குனர் ', 5, 0, 0, 0, 0, 0, 0, '2500', 11, 5, '2024-09-17 07:25:19'),
(792, 'J. விஜயகுமார் ராஜேஸ்வரி ', '', '', '', 'உறவுமுறை', 'கேரளா ', '', 3, 0, 0, 0, 0, 0, 0, '1500', 11, 5, '2024-09-17 07:26:12'),
(793, 'KP. முருகன் செல்வி ', '', '', '', 'உறவுமுறை', 'செல்லூர் ', 'ஆட்டோ ', 1, 0, 0, 0, 0, 0, 0, '500', 11, 5, '2024-09-17 07:26:55'),
(794, 'ராமசாமித்தேவர் மகன் R. அற்புதராஜா ', '', 'சரண்யா ', '8870753928', NULL, 'பெரியகுறவகுடி', 'ஸ்ரீ அன்னை மீனாட்சி அறக்கட்டளை ', 10, 0, 0, 0, 0, 0, 0, '5000', 11, 5, '2024-09-17 07:27:13'),
(795, 'V. கொடிராஜா லோகமணி ', '', '', '', 'உறவுமுறை', 'சொக்கத்தேவன்பட்டி ', 'ஆட்டோ ', 4, 0, 0, 0, 0, 0, 0, '2000', 11, 5, '2024-09-17 07:28:11'),
(796, 'N. அக்கினி விஜயா ', '', '', '', 'உறவுமுறை', 'வடுகபட்டி ', '', 3, 0, 0, 0, 0, 0, 0, '1500', 11, 5, '2024-09-17 07:29:14'),
(797, 'முத்துக்குமார் ', '', 'ஜெயலட்சுமி ', '', NULL, 'வடுகபட்டி ', '', 2, 0, 0, 0, 0, 0, 0, '1000', 11, 5, '2024-09-17 07:30:45'),
(798, 'P. அய்யங்காளை இந்துராணி ', 'சத்துணவு அமைப்பாளர் ', '', '', 'உறவுமுறை', 'உசிலம்பட்டி ', 'EX ARMY ', 4, 0, 0, 0, 0, 0, 0, '2000', 11, 5, '2024-09-17 07:31:47'),
(799, 'C. சிவா ஆனந்தி ', '', '', '', 'உறவுமுறை', 'உசிலம்பட்டி ', 'கால்நடை ', 3, 0, 0, 0, 0, 0, 0, '1500', 11, 5, '2024-09-17 07:33:24'),
(800, 'S. பிரேம் ', '', 'தாரணி ', '', 'உறவுமுறை', 'உசிலம்பட்டி ', 'TNSTC', 2, 0, 0, 0, 0, 0, 0, '1000', 11, 5, '2024-09-17 07:33:46'),
(801, 'காசிமாயன் ', '', 'விஜி ', '', 'உறவுமுறை', 'உசிலம்பட்டி ', 'கம்பி கடை ', 33, 0, 0, 0, 0, 0, 0, '1500', 11, 5, '2024-09-17 07:36:29'),
(802, 'P. ஒச்சுக்காளை ', '', '', '', 'உறவுமுறை', 'சடச்சிபட்டி', 'Ex ஊராட்சிமன்றத்தலைவர் ', 3, 0, 0, 0, 0, 0, 0, '1500', 11, 5, '2024-09-17 07:37:02'),
(803, 'தேவர் T. செல்லத்துரை உமா மகேஸ்வரி ', '', '', '', 'உறவுமுறை', 'சடச்சிபட்டி', '', 2, 0, 0, 0, 0, 0, 0, '1000', 11, 5, '2024-09-17 07:38:05'),
(804, 'M. ரகுவீரன் பிரியங்கா ', '', '', '', 'உறவுமுறை', 'சடச்சிபட்டி', '', 4, 0, 0, 0, 0, 0, 0, '2000', 11, 5, '2024-09-17 07:38:58'),
(805, 'ஈஸ்வரன் ', '', 'சுஜாதா ', '', 'உறவுமுறை', 'சடச்சிபட்டி ', '', 4, 0, 0, 0, 0, 0, 0, '2000', 11, 5, '2024-09-17 07:39:35'),
(806, 'P. பாஸ்கரன் தெய்வகனி ', '', '', '', 'உறவுமுறை', 'சடச்சிபட்டி', '', 20, 0, 0, 0, 0, 0, 0, '10000', 11, 5, '2024-09-17 07:39:42'),
(807, 'P. பாண்டி மீனா ', '', '', '', 'உறவுமுறை', 'சடச்சிபட்டி', '', 5, 0, 0, 0, 0, 0, 0, '2500', 11, 5, '2024-09-17 07:40:34'),
(808, 'M. அஜித் ஹரிணி திவ்யா ', '', '', '', 'உறவுமுறை', 'சடச்சிபட்டி', 'பால்பண்ணை ', 2, 0, 0, 0, 0, 0, 0, '1000', 11, 5, '2024-09-17 07:41:45'),
(809, 'K. ரவிச்சந்திரன் ', '', 'பாண்டிபிரியா ', '', 'உறவுமுறை', 'சடச்சிபட்டி ', '', 6, 0, 0, 0, 0, 0, 0, '3000', 11, 5, '2024-09-17 07:42:46'),
(810, 'P. சிவபாண்டி பவித்ரா ', '', '', '', 'உறவுமுறை', 'பெரியபாலார்பட்டி ', '', 11, 0, 0, 0, 0, 0, 0, '5500', 11, 5, '2024-09-17 07:43:16'),
(811, 'முத்து இருளாண்டி செல்வி ', '', '', '', 'உறவுமுறை', 'K. நாட்டாபட்டி ', '', 2, 0, 0, 0, 0, 0, 0, '1000', 11, 5, '2024-09-17 07:44:03'),
(812, 'V. செல்வம் ', '', 'லதா ', '', 'உறவுமுறை', 'K. நாட்டாபட்டி ', '', 1, 0, 0, 0, 0, 0, 0, '500', 11, 5, '2024-09-17 07:44:28'),
(813, 'M. ரஞ்சித் ராதிகா ', '', '', '', 'உறவுமுறை', 'வாலாந்தூர் ', 'பரவை மார்க்கெட் ', 2, 0, 0, 0, 0, 0, 0, '1000', 11, 5, '2024-09-17 07:46:02'),
(814, 'நாராயணசாமி ', '', '', '', 'உறவுமுறை', 'பெரியகுறவகுடி', 'டாஸ்மாக் ', 2, 0, 0, 0, 0, 0, 0, '1000', 11, 5, '2024-09-17 07:46:38'),
(815, 'P. முத்துபாண்டி ரேணுகா ', '', '', '', 'உறவுமுறை', 'வடுகபட்டி ', '', 2, 0, 0, 0, 0, 0, 0, '1000', 11, 5, '2024-09-17 07:46:59'),
(816, 'S. அருள்பாண்டி சுகன்யா ', '', '', '', 'உறவுமுறை', 'வடுகபட்டி ', '', 4, 0, 0, 0, 0, 0, 0, '2000', 11, 5, '2024-09-17 07:47:44'),
(817, 'P. ஜெயபாண்டி ', '', 'ரேவதி ', '', 'உறவுமுறை', 'வடுகபட்டி ', '', 2, 0, 0, 0, 0, 0, 0, '1000', 11, 5, '2024-09-17 07:48:57'),
(818, 'P. செந்தில்குமார் சமுத்திரப்பிரியா ', '', '', '', 'உறவுமுறை', 'மாமரத்துப்பட்டி ', '', 20, 0, 0, 0, 0, 0, 0, '10000', 11, 5, '2024-09-17 07:49:24'),
(819, 'LK. விக்னேஷ் தீபா ', '', '', '', 'உறவுமுறை', 'சடச்சிபட்டி', '', 2, 0, 0, 0, 0, 0, 0, '1000', 11, 5, '2024-09-17 07:50:12'),
(820, 'LK. குருநாதன் பூஜா ', '', '', '', 'உறவுமுறை', 'சடச்சிபட்டி', '', 2, 0, 0, 0, 0, 0, 0, '1000', 11, 5, '2024-09-17 07:50:45'),
(821, 'L. கருத்தகண்ணன் ', '', '', '', 'உறவுமுறை', 'சடச்சிபட்டி', 'Ex ஊராட்சிமன்றத்தலைவர் ', 3, 0, 0, 0, 0, 0, 0, '1500', 11, 5, '2024-09-17 07:51:41'),
(822, 'சரவணன் ', '', 'பவானி ', '', 'உறவுமுறை', 'சடச்சிபட்டி ', 'ஆசாரி ', 2, 0, 0, 0, 0, 0, 0, '1000', 11, 5, '2024-09-17 07:52:24'),
(823, 'ராமன் முத்துலட்சுமி ', '', '', '', 'உறவுமுறை', 'சடச்சிபட்டி', 'ஆசாரி ', 2, 0, 0, 0, 0, 0, 1, '1001', 11, 5, '2024-09-17 07:52:42'),
(824, 'P. மதுரைக்காரன் வீரம்மாள் ', '', '', '', 'உறவுமுறை', 'அய்யனார்குளம் ', '', 0, 0, 3, 0, 0, 0, 0, '300', 11, 5, '2024-09-17 07:53:56'),
(825, 'T. ஆனந்த் தமிழ்செல்வி ', '', '', '', 'உறவுமுறை', 'வடக்கம்பட்டி ', '', 4, 0, 0, 0, 0, 0, 0, '2000', 11, 5, '2024-09-17 07:55:15'),
(826, 'K. நல்லமாயன் ரதிமலர் ', '', '', '', 'உறவுமுறை', 'சடச்சிபட்டி', 'மீன் வியாபாரி ', 2, 0, 0, 0, 0, 0, 0, '1000', 11, 5, '2024-09-17 07:56:06'),
(827, 'P. ரகு சத்யஷீலா  ', '', '', '', 'உறவுமுறை', 'வின்னகுடி ', 'ஒன்றிய கவுன்சிலர் ', 3, 0, 0, 0, 0, 0, 0, '1500', 11, 5, '2024-09-17 07:57:12'),
(828, 'M. கருப்பத்தேவன்  மகன் MK.அருள்குமரன் BE', '', '', '', 'உறவுமுறை', 'ஒய்யண்டாபட்டி ', '', 8, 0, 0, 0, 0, 0, 0, '4000', 11, 5, '2024-09-17 07:57:48'),
(829, 'C. நாகேந்திரன் ஐஸ்வர்யா ', '', '', '', 'உறவுமுறை', 'சொக்கத்தேவன்பட்டி ', '', 2, 0, 0, 0, 0, 0, 0, '1000', 11, 5, '2024-09-17 07:58:20'),
(830, 'R. அறிவுச்செல்வம் சந்தானம் ', '', '', '', 'உறவுமுறை', 'பெரியகுறவகுடி', '', 2, 0, 0, 0, 0, 0, 0, '1000', 11, 5, '2024-09-17 07:59:16'),
(831, 'K. செல்வராஜ் ', '', 'மயில் ', '', 'உறவுமுறை', 'அய்யனார்குளம் ', 'EX ARMY', 2, 0, 0, 0, 0, 0, 0, '1000', 11, 5, '2024-09-17 08:00:32'),
(832, 'S. சதிஷ்குமார் சிவசங்கரி ', '', '', '', 'உறவுமுறை', 'மதுரை ஸ்ரீராம் நகர் கனகாம்பரம் தெரு ', '', 12, 0, 0, 0, 0, 0, 0, '6000', 11, 5, '2024-09-17 08:01:17'),
(833, 'M. ராஜா ', '', '', '', 'உறவுமுறை', 'செல்லம்பட்டி ', 'EX ARMY செல்லை ஒன்றிய BJP மண்டலத்தலைவர் ', 1, 0, 0, 0, 0, 0, 0, '500', 11, 5, '2024-09-17 08:03:43'),
(834, 'C. மகேந்திரன் அன்னலட்சுமி ', '', '', '', 'உறவுமுறை', 'பெரியகுறவகுடி', 'கெளதம் ஜல்லிக்கட்டு ', 4, 0, 0, 0, 0, 0, 0, '2000', 11, 5, '2024-09-17 08:04:44'),
(835, 'P. செல்வம் ', '', '', '', 'உறவுமுறை', 'பெரியகுறவகுடி', ' தி மு க  தொழிலாளர் அணி துணை அமைப்பாளர் ', 1, 1, 0, 0, 0, 0, 0, '700', 11, 5, '2024-09-17 08:04:52'),
(836, 'S. பரமன் ஜெயபாரதி ', '', '', '', 'உறவுமுறை', 'K. நாட்டாபட்டி ', 'EX ARMY ', 2, 0, 0, 0, 0, 0, 0, '1000', 11, 5, '2024-09-17 08:05:38'),
(837, 'சுரேஷ் ஜோதி ', '', '', '', 'உறவுமுறை', 'K. நாட்டாபட்டி ', '', 1, 0, 1, 0, 0, 0, 0, '600', 11, 5, '2024-09-17 08:06:20'),
(838, 'ஜோதி தம்பி மோகன் ஜெயலட்சுமி ', '', '', '', 'உறவுமுறை', 'சோழவந்தான் ', '', 1, 0, 1, 0, 0, 0, 0, '600', 11, 5, '2024-09-17 08:07:13'),
(839, 'S ஜெயராம் ', '', 'பரமேஸ்வரி ', '', 'உறவுமுறை', 'K. நாட்டாபட்டி ', '', 1, 0, 0, 0, 0, 0, 0, '500', 11, 5, '2024-09-17 08:07:32'),
(840, 'A. விஜயகுமார் தீபா ', '', '', '', 'உறவுமுறை', 'வடுகபட்டி ', 'ஆசிரியர் ', 12, 0, 0, 0, 0, 0, 0, '6000', 11, 5, '2024-09-17 08:08:27'),
(841, 'K. உதயா ', '', '', '', 'உறவுமுறை', 'வடுகபட்டி ', 'கோழிகடை ', 3, 0, 0, 0, 0, 0, 0, '1500', 11, 5, '2024-09-17 08:09:08'),
(842, 'K. பால்பாண்டி மேனகாதேவி ', '', '', '', 'உறவுமுறை', 'செல்லம்பட்டி ', 'பழக்கடை FINANCE ', 2, 0, 0, 0, 0, 0, 0, '1000', 11, 5, '2024-09-17 08:10:05'),
(843, 'MCN. பாண்டி கலைச்செல்வி ', '', '', '', 'உறவுமுறை', 'A. கன்னியம்பட்டி ', '', 2, 0, 0, 0, 0, 0, 0, '1000', 11, 5, '2024-09-17 08:11:01'),
(844, 'M. தங்கமலை திவ்யா ', '', '', '', 'உறவுமுறை', 'A. கன்னியம்பட்டி ', '', 30, 0, 0, 0, 0, 0, 0, '15000', 11, 5, '2024-09-17 08:11:48'),
(845, 'வில்லாணி மாயி சீதா ', '', '', '', 'உறவுமுறை', 'A. கன்னியம்பட்டி ', '', 4, 0, 0, 0, 0, 0, 0, '2000', 11, 5, '2024-09-17 08:12:39'),
(846, 'மருதுபாண்டி பேச்சி ', '', '', '', 'உறவுமுறை', 'சடச்சிபட்டி', '', 1, 0, 0, 0, 0, 0, 0, '500', 11, 5, '2024-09-17 08:13:53'),
(847, 'M. மாயத்தேவன் ', '', 'மஞ்சுளா ', '', 'உறவுமுறை', 'தேன்கல்பட்டி ', 'மாயி வெல்டிங் ஒர்க்ஷாப் ', 20, 0, 0, 0, 0, 0, 0, '10000', 11, 5, '2024-09-17 08:14:48'),
(848, 'S. அக்கினி லட்சுமி ', '', '', '', 'உறவுமுறை', 'வடுகபட்டி ', 'உஷா GAS ', 20, 0, 0, 0, 0, 0, 0, '10000', 11, 5, '2024-09-17 08:14:50'),
(849, 'பூம்பாண்டி அனுசியா ', '', '', '', 'உறவுமுறை', 'உசிலை MGR நகர் ', 'ஜூஸ் கடை ', 2, 0, 0, 0, 0, 0, 0, '1000', 11, 5, '2024-09-17 08:15:53'),
(850, 'T. செல்வம் ', '', '', '', 'உறவுமுறை', 'பொட்டுலுப்பட்டி ', 'ஊராட்சி மன்ற தலைவர் ', 4, 0, 0, 0, 0, 0, 0, '2000', 11, 5, '2024-09-17 08:17:02'),
(851, 'சஞ்சய்காந்தி ஜெயகனேஷ்வரி ', '', '', '', 'உறவுமுறை', 'அய்யனார்குளம் ', 'மீன் வியாபாரம் ', 2, 0, 0, 0, 0, 0, 0, '1000', 11, 5, '2024-09-17 08:17:37'),
(852, 'VMJ. செல்வராஜ் செல்வகாமாயி ', '', '', '', 'உறவுமுறை', 'பெரியசெம்மேட்டுபட்டி ', '', 1, 0, 0, 0, 0, 0, 0, '500', 11, 5, '2024-09-17 08:19:19'),
(853, 'பழனிமுருகன் ', '', 'பிரியதர்ஷினி ', '', 'உறவுமுறை', 'பெரியசெம்மேட்டுபட்டி ', '', 4, 0, 0, 0, 0, 0, 0, '2000', 11, 5, '2024-09-17 08:19:46'),
(854, 'P. காட்டுராஜா சிகாமணி ', '', '', '', 'உறவுமுறை', 'உசிலம்பட்டி ', '', 1, 0, 0, 0, 0, 0, 0, '500', 11, 5, '2024-09-17 08:20:24'),
(855, 'M. காசிமாயன் அருணாதேவி ', '', '', '', 'உறவுமுறை', 'தேன்கல்பட்டி ', 'NURSE ', 8, 0, 0, 0, 0, 0, 0, '4000', 11, 5, '2024-09-17 08:21:23'),
(856, 'P. அந்தோணி முத்து ', '', '', '', 'உறவுமுறை', 'வடுகபட்டி ', '', 1, 0, 0, 0, 0, 0, 0, '500', 11, 5, '2024-09-17 08:22:02'),
(857, 'M. விக்னேஷ் பவித்ரா ', '', '', '', 'உறவுமுறை', 'ஆரியபட்டி ', '', 2, 0, 0, 0, 0, 0, 0, '1000', 11, 5, '2024-09-17 08:22:41'),
(858, 'R. பாலமுருகன் ', '', 'வினோலியா ', '', 'உறவுமுறை', 'சொக்கத்தேவன்பட்டி ', 'PC', 2, 0, 0, 0, 0, 0, 0, '1000', 11, 5, '2024-09-17 08:23:42'),
(859, 'M. அபினேஷ் கனிசியா ', '', '', '', 'உறவுமுறை', 'ஆரியபட்டி ', 'PC ', 2, 0, 0, 0, 0, 0, 0, '1000', 11, 5, '2024-09-17 08:24:02'),
(860, 'P. மணிமாறன் சந்தியா ', '', '', '', 'உறவுமுறை', 'V. பாண்டியன் நகர் ', '', 2, 0, 0, 0, 0, 0, 0, '1000', 11, 5, '2024-09-17 08:24:46'),
(861, 'முருகன் கணியம்மாள் ', '', '', '', 'உறவுமுறை', 'ஒய்யண்டாபட்டி ', '', 2, 0, 0, 0, 0, 0, 0, '1000', 11, 5, '2024-09-17 08:25:20'),
(862, 'V. சதீஷ்குமார் ', '', 'பிரியா ', '', 'உறவுமுறை', 'கீரிபட்டி ', 'தீயணைப்பு நிலையம் ', 2, 0, 0, 0, 0, 0, 0, '1000', 11, 5, '2024-09-17 08:26:18'),
(863, 'R. காசி சுமா ', '', '', '', 'உறவுமுறை', 'மேலப்பெருமாள்பட்டி ', '', 10, 0, 0, 0, 0, 0, 0, '5000', 11, 5, '2024-09-17 08:27:22'),
(864, 'D. செந்தில்குமார் ', '', '', '', 'உறவுமுறை', 'சின்னக்குறவகுடி ', '', 3, 0, 0, 0, 0, 0, 0, '1500', 11, 5, '2024-09-17 08:27:44'),
(865, 'D. சரவணக்குமார் ', '', '', '', 'உறவுமுறை', 'சின்னக்குறவகுடி ', 'ஆரணி நகராட்சி ', 1, 1, 0, 0, 0, 0, 0, '700', 11, 5, '2024-09-17 08:28:46'),
(866, 'V. ஜெயபிரகாஷ் ', '', '', '', 'உறவுமுறை', 'அய்யனார்குளம் ', 'PRC ', 2, 0, 0, 0, 0, 0, 0, '1000', 11, 5, '2024-09-17 08:29:55'),
(867, 'M. சதீஷ்குமார் ', '', 'கோமதி ', '', 'உறவுமுறை', 'மதுரை பல்லவன்  நகர் ', '', 10, 0, 0, 0, 0, 0, 0, '5000', 11, 5, '2024-09-17 08:30:18'),
(868, 'AP. பாண்டி சாந்தி ', '', '', '', 'உறவுமுறை', 'வின்னகுடி ', 'TRACTOR உரிமை ', 2, 0, 0, 0, 0, 0, 0, '1000', 11, 5, '2024-09-17 08:31:01'),
(869, 'ராஜாராம் வசந்தி', '', '', '', 'உறவுமுறை', 'கண்ணாபட்டி ', '', 10, 0, 0, 0, 0, 0, 0, '5000', 11, 5, '2024-09-17 08:31:53'),
(870, 'கொடிவீரன் ', '', 'வசந்தி ', '', 'உறவுமுறை', 'செல்லம்பட்டி ', 'கரிக்கடை ', 2, 0, 0, 0, 0, 0, 0, '1000', 11, 5, '2024-09-17 08:32:44'),
(871, 'முத்துபாண்டி பவித்ரா ', '', '', '', 'உறவுமுறை', 'கண்ணாபட்டி ', '', 14, 0, 0, 0, 0, 0, 0, '7000', 11, 5, '2024-09-17 08:33:24'),
(872, 'சுதாகரன் ', '', 'நதியா ', '', 'உறவுமுறை', 'சோலை அழகுபுரம் ', '', 4, 0, 0, 0, 0, 0, 0, '2000', 11, 5, '2024-09-17 08:34:17'),
(873, 'அழகுராஜ் பிரேமா அழகுபாண்டி ', '', '', '', 'உறவுமுறை', 'வடுகபட்டி ', '', 1, 0, 0, 0, 0, 0, 0, '500', 11, 5, '2024-09-17 08:34:28'),
(874, 'K. செல்வம் சந்திரா ', '', '', '', 'உறவுமுறை', 'வடுகபட்டி ', '', 6, 0, 0, 0, 0, 0, 0, '3000', 11, 5, '2024-09-17 08:35:17'),
(875, 'சகாதேவன் மகன் பிரதீப் அருணா ', '', '', '', 'உறவுமுறை', 'A. ராமநாதபுரம் ', '', 3, 0, 0, 0, 0, 0, 0, '1500', 11, 5, '2024-09-17 08:36:37'),
(876, 'கோதண்டன் ', '', 'குணவதி ', '', 'உறவுமுறை', 'வடுகபட்டி ', '', 1, 0, 0, 0, 0, 0, 0, '500', 11, 5, '2024-09-17 08:37:04'),
(877, 'சகாதேவன் மகன் கல்யாணி ஜனனி ', '', '', '', 'உறவுமுறை', 'A. ராமநாதபுரம் ', '', 2, 0, 0, 0, 0, 0, 0, '1000', 11, 5, '2024-09-17 08:37:27'),
(878, 'T. முத்துகல்யாணி திவ்யா ', '', '', '', 'உறவுமுறை', 'A. புதுப்பட்டி ', '', 2, 0, 0, 0, 0, 0, 0, '1000', 11, 5, '2024-09-17 08:38:36'),
(879, 'சேகர் முருகேஸ்வரி ', '', '', '', 'உறவுமுறை', 'பெரியகுறவகுடி', '', 1, 0, 0, 0, 0, 0, 0, '500', 11, 5, '2024-09-17 08:39:09'),
(880, 'பிச்சைமணி ', '', 'சோணையம்மாள் ', '', 'உறவுமுறை', 'பெரியகுறவகுடி', '', 1, 0, 0, 0, 0, 0, 0, '500', 11, 5, '2024-09-17 08:39:27'),
(881, 'V. ராமலிங்கம் மாரியம்மாள் ', '', '', '', 'உறவுமுறை', 'பெரியகுறவகுடி', '', 1, 0, 0, 0, 0, 0, 0, '500', 11, 5, '2024-09-17 08:39:50'),
(882, 'N. வினோத்குமார் பிரேமலதா ', '', '', '', 'உறவுமுறை', 'A. ராமநாதபுரம் ', 'PC ', 2, 0, 0, 0, 0, 0, 0, '1000', 11, 5, '2024-09-17 08:40:45'),
(883, 'M. பாரத் ப்ரீத்தி ', '', '', '', 'உறவுமுறை', 'வாலாந்தூர் ', '', 1, 0, 0, 0, 0, 0, 0, '500', 11, 5, '2024-09-17 08:41:30'),
(884, 'M. மனோகரன் ரஞ்சிதா ', '', '', '', 'உறவுமுறை', 'வாலாந்தூர் ', '', 6, 0, 0, 0, 0, 0, 0, '3000', 11, 5, '2024-09-17 08:42:14'),
(885, 'S. ராஜேந்திரன் ', '', 'மகாலட்சுமி', '', 'உறவுமுறை', 'மாங்குளம் ', '', 2, 0, 0, 0, 0, 0, 0, '1000', 11, 5, '2024-09-17 08:42:48'),
(886, 'VO. பால்பாண்டி பூவிதா ', '', '', '', 'உறவுமுறை', 'உசிலை சத்யாநகர் ', 'லேத் ஒர்க்ஸ் ', 4, 0, 0, 0, 0, 0, 0, '2000', 11, 5, '2024-09-17 08:43:21'),
(887, 'P. முத்து பேச்சியம்மாள் ', '', '', '', 'உறவுமுறை', 'ஆனையூர் ', '', 10, 0, 0, 0, 0, 0, 0, '5000', 11, 5, '2024-09-17 08:44:01'),
(888, 'ஜெயராமன் ', '', '', '', 'உறவுமுறை', 'பெரியகுறவகுடி', 'கொத்தனார் ', 2, 0, 1, 0, 0, 0, 0, '1100', 11, 5, '2024-09-17 08:44:35'),
(889, 'ராஜ்குமார் பாண்டிலட்சுமி ', '', '', '', 'உறவுமுறை', 'வடக்கம்பட்டி ', '', 2, 0, 1, 0, 0, 0, 0, '1100', 11, 5, '2024-09-17 08:45:35'),
(890, 'பெரியகருப்பன் ', '', 'முத்துலட்சுமி ', '', 'உறவுமுறை', 'கன்னியம்பட்டி ', '', 1, 0, 1, 0, 0, 0, 0, '600', 11, 5, '2024-09-17 08:46:08'),
(891, 'K. மாயாண்டி கணேஸ்வரி ', '', '', '', 'உறவுமுறை', 'சொக்கத்தேவன்பட்டி ', 'ஆட்டோ ', 4, 0, 0, 0, 0, 0, 0, '2000', 11, 5, '2024-09-17 08:46:36'),
(892, 'P. மாயதேவன் ', '', '', '', 'உறவுமுறை', 'வடக்கம்பட்டி ', 'நகை கடை ', 2, 0, 0, 0, 0, 0, 0, '1000', 11, 5, '2024-09-17 08:47:22'),
(893, 'நேரு தீபிகா ', '', '', '', 'உறவுமுறை', 'வடக்கம்பட்டி ', '', 4, 0, 0, 0, 0, 0, 0, '2000', 11, 5, '2024-09-17 08:48:30'),
(894, 'E. குமார் ', '', 'ஜீவிதா ', '', 'உறவுமுறை', 'சொக்கத்தேவன்பட்டி ', '', 1, 0, 0, 0, 0, 0, 0, '500', 11, 5, '2024-09-17 08:48:30'),
(895, 'பா.க. சின்னதுரை மாயக்காள் ', '', '', '', 'உறவுமுறை', 'A. கன்னியம்பட்டி ', '', 4, 0, 0, 0, 0, 0, 0, '2000', 11, 5, '2024-09-17 08:49:44'),
(896, 'A. புவனேஷ் கவிதா ', '', '', '', 'உறவுமுறை', 'கீழசெம்பட்டி ', '', 4, 0, 0, 0, 0, 0, 0, '2000', 11, 5, '2024-09-17 08:50:32'),
(897, 'P. முத்தையா ', '', 'பொண்பாண்டியம்மாள் ', '', 'உறவுமுறை', 'சடச்சிபட்டி ', '', 10, 0, 0, 0, 0, 0, 0, '5000', 11, 5, '2024-09-17 08:51:18'),
(898, 'ஈஸ்வரன் மகேஸ்வரி ', '', '', '', 'உறவுமுறை', 'பெரியகுறவகுடி', '', 1, 0, 0, 0, 0, 0, 0, '500', 11, 5, '2024-09-17 08:52:28'),
(899, 'P. சசிக்குமார் ', '', 'ஆசைச்செல்வி ', '', 'உறவுமுறை', 'சொக்கத்தேவன்பட்டி ', '', 30, 0, 0, 0, 0, 0, 0, '15000', 11, 5, '2024-09-17 08:53:21'),
(900, 'மூர்த்தி பிரியங்கா ', '', '', '', 'உறவுமுறை', 'வாலாந்தூர் பசும்பொன்நகர் ', 'ARMY ', 3, 0, 0, 0, 0, 0, 0, '1500', 11, 5, '2024-09-17 08:53:35'),
(901, 'J. ரகுபதி அருணா ', '', '', '', 'உறவுமுறை', 'வாலாந்தூர் பசும்பொன்நகர் ', '', 2, 0, 0, 0, 0, 0, 0, '1000', 11, 5, '2024-09-17 08:54:17'),
(902, 'O. தேவராஜன் லட்சுமி ', '', '', '', 'உறவுமுறை', 'ஒய்யண்டாபட்டி ', 'SI ', 4, 0, 0, 0, 0, 0, 0, '2000', 11, 5, '2024-09-17 08:55:33'),
(903, 'A. ஈஸ்வரன் அன்னம் ', '', '', '', 'உறவுமுறை', 'பெரியகுறவகுடி', '', 10, 0, 0, 0, 0, 0, 0, '5000', 11, 5, '2024-09-17 08:56:04'),
(904, 'S. பாண்டிக்களை ', '', 'சங்கீதா ', '', 'உறவுமுறை', 'ஒய்யண்டாபட்டி ', 'ஆசிரியர் ', 4, 0, 0, 0, 0, 0, 0, '2000', 11, 5, '2024-09-17 08:56:20'),
(905, 'S. ராதாகிருஷ்ணன் கோமதி ', '', '', '', 'உறவுமுறை', 'பெரியகுறவகுடி', 'தீயணைப்பு துறை ', 3, 0, 0, 0, 0, 0, 0, '1500', 11, 5, '2024-09-17 08:57:01'),
(906, 'S. ராமசந்திரன் சுப்புலட்சுமி ', '', '', '', 'உறவுமுறை', 'பெரியகுறவகுடி', '', 1, 0, 1, 0, 0, 0, 0, '600', 11, 5, '2024-09-17 08:57:46'),
(907, 'A. ஞானவடிவேல் வள்ளி ', '', '', '', 'உறவுமுறை', 'சாத்தங்குடி ', '', 2, 0, 0, 0, 0, 0, 0, '1000', 11, 5, '2024-09-17 08:58:39'),
(908, 'P. சத்யகுமார் யமுனாதேவி ', '', '', '', 'உறவுமுறை', 'பச்சகோப்பன்பட்டி ', 'ஆசிரியர் ', 14, 0, 0, 0, 0, 0, 0, '7000', 11, 5, '2024-09-17 08:59:51'),
(909, 'ஜீவா பெத்துராஜ் ', '', '', '', 'உறவுமுறை', 'பெரியகுறவகுடி', 'TNSTC', 1, 0, 1, 0, 0, 0, 0, '600', 11, 5, '2024-09-17 08:59:59'),
(910, 'MR. மாயி மகன் தேசிங்குராஜா ', '', '', '', 'உறவுமுறை', 'அய்யனார்குளம்', '', 5, 0, 0, 0, 0, 0, 0, '2500', 11, 5, '2024-09-17 09:00:51'),
(911, 'பூவலிங்கம் கோமதி ', '', '', '', 'உறவுமுறை', 'குமாரம் சபரிகார்டன் மதுரை  ', 'ADVOCATE ', 4, 0, 0, 0, 0, 0, 0, '2000', 11, 5, '2024-09-17 09:03:18'),
(912, 'R. பாண்டி அனுசியா ', '', '', '', 'உறவுமுறை', 'குமாரம் சபரிகார்டன் மதுரை  ', '', 1, 0, 0, 0, 0, 0, 0, '500', 11, 5, '2024-09-17 09:03:58'),
(913, 'சங்கர் லட்சுமி ', '', '', '', 'உறவுமுறை', 'கோவை ', '', 1, 0, 0, 0, 0, 0, 0, '500', 11, 5, '2024-09-17 09:04:48'),
(914, 'M. பூவேந்திரன் வைஜயந்தி ', '', '', '', 'உறவுமுறை', 'ஒய்யண்டாபட்டி ', '', 2, 0, 0, 0, 0, 0, 0, '1000', 11, 5, '2024-09-17 09:05:31'),
(915, 'A. பிச்சை மகன் சதீஷ்குமார் ', '', '', '', 'உறவுமுறை', 'சின்னக்குறவகுடி ', '', 10, 0, 0, 0, 0, 0, 0, '5000', 11, 5, '2024-09-17 09:06:12'),
(916, 'சரவணன் வனிதா ', '', '', '', 'உறவுமுறை', 'ஒய்யண்டாபட்டி ', 'TNSTC ', 1, 0, 0, 0, 0, 0, 0, '500', 11, 5, '2024-09-17 09:06:14'),
(917, 'S. மார்க்கண்டன் பாண்டியம்மாள் ', '', '', '', 'உறவுமுறை', 'பெரியகுறவகுடி', '', 4, 0, 0, 0, 0, 0, 0, '2000', 11, 5, '2024-09-17 09:07:05'),
(918, 'K. காசிமாயன் லட்சுமிபிரியா ', '', '', '', 'உறவுமுறை', 'அய்யனார்குளம் ', 'துணை தாசில்தார் EX ARMY', 14, 0, 0, 0, 0, 0, 0, '7000', 11, 5, '2024-09-17 09:37:36'),
(919, 'T. முனியாண்டி பசுபதி ', '', '', '', 'உறவுமுறை', 'A.புதுப்பட்டி ', '', 2, 0, 0, 0, 0, 0, 0, '1000', 11, 5, '2024-09-17 09:48:28'),
(920, 'K.மாசணம் விஜித்ரா', '', '', '', 'உறவுமுறை', 'V.பசும்பொன்நகர்', 'ExArmy', 2, 0, 0, 0, 0, 0, 0, '1000', 7, 5, '2024-09-17 09:58:36'),
(921, 'Madhav', '', '', '565', 'உறவுமுறை', 'சின்னக்குறவகுடி', '', 85, 57, 15, 4, 3, 82, 100, '56580', 19, 3, '2024-09-20 07:27:28'),
(922, 'Guru Prakash', '', '', '441', 'உறவுமுறை', 'வடுகபட்டி', '', 80, 66, 32, 57, 6, 9, 65, '59525', 19, 3, '2024-09-20 07:55:43');

-- --------------------------------------------------------

--
-- Table structure for table `users`
--

CREATE TABLE `users` (
  `id` int NOT NULL,
  `username` varchar(50) COLLATE utf8mb4_general_ci DEFAULT NULL,
  `password` varchar(255) COLLATE utf8mb4_general_ci DEFAULT NULL,
  `first_name` varchar(50) COLLATE utf8mb4_general_ci DEFAULT NULL,
  `last_name` varchar(50) COLLATE utf8mb4_general_ci DEFAULT NULL,
  `gender` enum('Male','Female','Other') COLLATE utf8mb4_general_ci DEFAULT NULL,
  `dob` date DEFAULT NULL,
  `address` text COLLATE utf8mb4_general_ci,
  `mobile_number` varchar(15) COLLATE utf8mb4_general_ci DEFAULT NULL,
  `email_id` varchar(100) COLLATE utf8mb4_general_ci DEFAULT NULL,
  `id_proof_path` varchar(255) COLLATE utf8mb4_general_ci DEFAULT NULL,
  `created_at` timestamp NULL DEFAULT CURRENT_TIMESTAMP,
  `status` tinyint(1) NOT NULL DEFAULT '1'
) ENGINE=MyISAM DEFAULT CHARSET=utf8mb4 COLLATE=utf8mb4_general_ci;

--
-- Dumping data for table `users`
--

INSERT INTO `users` (`id`, `username`, `password`, `first_name`, `last_name`, `gender`, `dob`, `address`, `mobile_number`, `email_id`, `id_proof_path`, `created_at`, `status`) VALUES
(14, 'B. பவித்ரா ', '$2y$10$HtQzWI/5AoDTcXhasWFAIOQUpIy5Ewey41j41vaWCme8J54M1VAfK', NULL, NULL, NULL, NULL, NULL, '9361578348 ', NULL, NULL, '2024-09-14 19:00:53', 0),
(11, 'ilamathi', '$2y$10$7L1jIj1bRSIjoTxq.TczoeMlpKeVpzqAXky0mC5pph.FUlHh6Nqka', '', '', '', '0000-00-00', '', '9361578348', '', NULL, '2024-09-08 02:56:08', 1),
(19, 'Anand', '$2y$12$zw5.Je0iOwbcrJax3Y1mK.LUOulYdKnGvjmrMJnCW3Q3QCNwceP7q', NULL, NULL, NULL, NULL, NULL, '8072532422', NULL, NULL, '2024-09-15 15:12:52', 1),
(16, 'Anumanthan ', '$2y$10$nCNFD7QTQzcwxfVTa4kVJOetHoszMF9Gy95tCIfDCdaFkMKGk1M72', NULL, NULL, NULL, NULL, NULL, '6382916482 ', NULL, NULL, '2024-09-14 19:32:04', 1);

-- --------------------------------------------------------

--
-- Table structure for table `user_festival_assignment`
--

CREATE TABLE `user_festival_assignment` (
  `id` int NOT NULL,
  `user_id` int NOT NULL,
  `festival_id` int NOT NULL,
  `assigned_at` timestamp NULL DEFAULT CURRENT_TIMESTAMP
) ENGINE=MyISAM DEFAULT CHARSET=utf8mb4 COLLATE=utf8mb4_general_ci;

--
-- Dumping data for table `user_festival_assignment`
--

INSERT INTO `user_festival_assignment` (`id`, `user_id`, `festival_id`, `assigned_at`) VALUES
(1, 14, 1, '2024-09-14 19:11:39'),
(2, 15, 2, '2024-09-14 19:24:01'),
(3, 16, 2, '2024-09-14 19:32:30'),
(4, 11, 1, '2024-09-15 04:12:47'),
(5, 17, 1, '2024-09-15 05:23:09'),
(6, 17, 3, '2024-09-15 05:27:27'),
(7, 19, 3, '2024-09-15 15:13:58'),
(8, 11, 4, '2024-09-15 17:15:25'),
(9, 11, 5, '2024-09-15 18:03:24');

--
-- Indexes for dumped tables
--

--
-- Indexes for table `admins`
--
ALTER TABLE `admins`
  ADD PRIMARY KEY (`id`);

--
-- Indexes for table `company_details`
--
ALTER TABLE `company_details`
  ADD PRIMARY KEY (`id`);

--
-- Indexes for table `festival`
--
ALTER TABLE `festival`
  ADD PRIMARY KEY (`id`);

--
-- Indexes for table `mrg`
--
ALTER TABLE `mrg`
  ADD PRIMARY KEY (`id`);

--
-- Indexes for table `users`
--
ALTER TABLE `users`
  ADD PRIMARY KEY (`id`),
  ADD UNIQUE KEY `username` (`username`),
  ADD UNIQUE KEY `email_id` (`email_id`);

--
-- Indexes for table `user_festival_assignment`
--
ALTER TABLE `user_festival_assignment`
  ADD PRIMARY KEY (`id`),
  ADD KEY `user_id` (`user_id`),
  ADD KEY `festival_id` (`festival_id`);

--
-- AUTO_INCREMENT for dumped tables
--

--
-- AUTO_INCREMENT for table `admins`
--
ALTER TABLE `admins`
  MODIFY `id` int NOT NULL AUTO_INCREMENT, AUTO_INCREMENT=11;

--
-- AUTO_INCREMENT for table `company_details`
--
ALTER TABLE `company_details`
  MODIFY `id` int NOT NULL AUTO_INCREMENT, AUTO_INCREMENT=2;

--
-- AUTO_INCREMENT for table `festival`
--
ALTER TABLE `festival`
  MODIFY `id` int NOT NULL AUTO_INCREMENT, AUTO_INCREMENT=6;

--
-- AUTO_INCREMENT for table `mrg`
--
ALTER TABLE `mrg`
  MODIFY `id` int NOT NULL AUTO_INCREMENT, AUTO_INCREMENT=923;

--
-- AUTO_INCREMENT for table `users`
--
ALTER TABLE `users`
  MODIFY `id` int NOT NULL AUTO_INCREMENT, AUTO_INCREMENT=20;

--
-- AUTO_INCREMENT for table `user_festival_assignment`
--
ALTER TABLE `user_festival_assignment`
  MODIFY `id` int NOT NULL AUTO_INCREMENT, AUTO_INCREMENT=10;
COMMIT;

/*!40101 SET CHARACTER_SET_CLIENT=@OLD_CHARACTER_SET_CLIENT */;
/*!40101 SET CHARACTER_SET_RESULTS=@OLD_CHARACTER_SET_RESULTS */;
/*!40101 SET COLLATION_CONNECTION=@OLD_COLLATION_CONNECTION */;
